marca;preco;link;tamanho;taxa_atualizacao
"Monitor Gamer LG 21.5"", 75Hz, Full HD, HDMI, FreeSync - 22MP410-B";R$ 549,99;https://www.kabum.com.br/produto/397845/monitor-gamer-lg-21-5-75hz-full-hd-hdmi-freesync-22mp410-b;21.5;75
Monitor Gamer LG 27 Full HD, IPS, HDMI e VESA, FreeSync, Ajuste de Ângulo, Bordas Finas - 27MP400-B;R$ 699,99;https://www.kabum.com.br/produto/323895/monitor-gamer-lg-27-full-hd-ips-hdmi-e-vesa-freesync-ajuste-de-angulo-bordas-finas-27mp400-b;;
"Monitor Gamer AOC 23.8"" Full HD, 100Hz, 1ms, IPS, DisplayPort e HDMI, Adaptive-Sync - 24G2E1";R$ 629,99;https://www.kabum.com.br/produto/525503/monitor-gamer-aoc-23-8-full-hd-100hz-1ms-ips-displayport-e-hdmi-adaptive-sync-24g2e1;23.8;100
"Monitor Gamer Curvo KBM! GAMING MG210 23.6"", 180Hz, Full HD, 1ms, DisplayPort e HDMI, Adaptive Sync, Ajuste de Ângulo - KGMG21023PT";R$ 799,99;https://www.kabum.com.br/produto/471916/monitor-gamer-curvo-kbm-gaming-mg210-23-6-180hz-full-hd-1ms-displayport-e-hdmi-adaptive-sync-ajuste-de-angulo-kgmg21023pt;23.6;180
"Monitor Gamer Concórdia PCFort 23.8"", 165Hz, Full HD, 1ms, DisplayPort e HDMI, FreeSync, Preto e Prata - H238F165";R$ 599,99;https://www.kabum.com.br/produto/365027/monitor-gamer-concordia-pcfort-23-8-165hz-full-hd-1ms-displayport-e-hdmi-freesync-preto-e-prata-h238f165;23.8;165
"Monitor Gamer LG UltraGear 27"" IPS Full HD, 180Hz, 1ms, DisplayPort e HDMI, G-Sync, FreeSync, HDR10, sRGB 99%, Preto - 27GS60F-B";R$ 1.099,00;https://www.kabum.com.br/produto/620992/monitor-gamer-lg-ultragear-27-ips-full-hd-180hz-1ms-displayport-e-hdmi-g-sync-freesync-hdr10-srgb-99-preto-27gs60f-b;27;180
"Monitor Gamer LG UltraGear 27"", 144Hz, Full HD, 1ms, IPS, DisplayPort e HDMI, HDR 10, 99% sRGB, FreeSync Premium, VESA - 27GN65R";R$ 1.099,99;https://www.kabum.com.br/produto/444038/monitor-gamer-lg-ultragear-27-144hz-full-hd-1ms-ips-displayport-e-hdmi-hdr-10-99-srgb-freesync-premium-vesa-27gn65r;27;144
"Monitor Gamer Curvo LG UltraGear LG 34"", UltraWide, 160Hz, WQHD, 1ms, DisplayPort e HDMI, AMD FreeSync Premium, HDR10, 99% sRGB - 34GP63A-B";R$ 2.199,99;https://www.kabum.com.br/produto/472908/monitor-gamer-curvo-lg-ultragear-lg-34-ultrawide-160hz-wqhd-1ms-displayport-e-hdmi-amd-freesync-premium-hdr10-99-srgb-34gp63a-b;34;160
"Monitor Gamer Samsung 24"", 75Hz, Full HD, IPS, HDMI FreeSync, Preto - LF24T350FHLMZD";R$ 749,99;https://www.kabum.com.br/produto/168368/monitor-gamer-samsung-24-75hz-full-hd-ips-hdmi-freesync-preto-lf24t350fhlmzd;24;75
"Monitor Gamer Curvo KBM! GAMING MG700 27"", 240hz, Full HD, 1ms, DisplayPort e HDMI, 96% SRGB, Adaptive Sync, Ajuste De Altura - KGMG70027PT";R$ 1.059,99;https://www.kabum.com.br/produto/471917/monitor-gamer-curvo-kbm-gaming-mg700-27-240hz-full-hd-1ms-displayport-e-hdmi-96-srgb-adaptive-sync-ajuste-de-altura-kgmg70027pt;27;240
"Monitor Gamer LG UltraGear 27"" Wide, 240Hz, Full HD, 1ms, IPS, DisplayPort e HDMI, FreeSync Premium, HDR 10, 99% sRGB, VESA - 27GN750-B.AWZ";R$ 1.699,99;https://www.kabum.com.br/produto/156100/monitor-gamer-lg-ultragear-27-wide-240hz-full-hd-1ms-ips-displayport-e-hdmi-freesync-premium-hdr-10-99-srgb-vesa-27gn750-b-awz;27;240
"Monitor Gamer LG UltraGear 32"", 165Hz, QHD, 1ms, DisplayPort e HDMI, 95% sRGB, FreeSync Premium, HDR 10, VESA, Preto - 32GN600-B";R$ 1.599,99;https://www.kabum.com.br/produto/364835/monitor-gamer-lg-ultragear-32-165hz-qhd-1ms-displayport-e-hdmi-95-srgb-freesync-premium-hdr-10-vesa-preto-32gn600-b;32;165
"Monitor Gamer Samsung T350, Tela Plana, 24"" FULL HD, 75Hz, 5Ms, HDMI, FreeSync, Game Mode";R$ 565,00;https://www.kabum.com.br/produto/254367/monitor-gamer-samsung-t350-tela-plana-24-full-hd-75hz-5ms-hdmi-freesync-game-mode;24;75
"Monitor Gamer LG UltraGear 24"" Full HD, IPS, 180Hz, 1ms, DisplayPort e HDMI, NVIDIA G-SYNC , AMD FreeSync?, HDR10, sRGB 99% - 24GS60F-B";R$ 977,41;https://www.kabum.com.br/produto/614879/monitor-gamer-lg-ultragear-24-full-hd-ips-180hz-1ms-displayport-e-hdmi-nvidia-g-sync-amd-freesync-hdr10-srgb-99-24gs60f-b;24;180
"Monitor Gamer LG 26"" Ultra Wide, 75Hz, Full HD, 1ms, IPS, HDMI, FreeSync Premium, HDR 10, 99% sRGB, VESA - 26WQ500";R$ 729,99;https://www.kabum.com.br/produto/371253/monitor-gamer-lg-26-ultra-wide-75hz-full-hd-1ms-ips-hdmi-freesync-premium-hdr-10-99-srgb-vesa-26wq500;26;75
"Monitor Gamer Curvo KBM! GAMING MG320 27"", 180Hz, Full Hd, 1ms, DisplayPort e HDMI, Adaptive Sync, Ajuste De Ângulo - KGMG32027PT";R$ 919,99;https://www.kabum.com.br/produto/471914/monitor-gamer-curvo-kbm-gaming-mg320-27-180hz-full-hd-1ms-displayport-e-hdmi-adaptive-sync-ajuste-de-angulo-kgmg32027pt;27;180
"Monitor Gamer KBM! GAMING MG100 24"", 100hz, Full HD, HDMI E VGA, Ajuste De Ângulo - KGMG10024PT";R$ 599,99;https://www.kabum.com.br/produto/496350/monitor-gamer-kbm-gaming-mg100-24-100hz-full-hd-hdmi-e-vga-ajuste-de-angulo-kgmg10024pt;24;100
"Monitor Gamer Curvo Concórdia, 23.8"" Led Full HD, 100Hz, 5ms, HDMI, VGA, USB - Cz238f";R$ 529,90;https://www.kabum.com.br/produto/504128/monitor-gamer-curvo-concordia-23-8-led-full-hd-100hz-5ms-hdmi-vga-usb-cz238f;23.8;100
"Monitor Gamer Aoc 27"", 165hz, Full Hd, 1ms, Displayport, HDMI E Vga, Ajuste De Altura - 27g2s/bk";R$ 899,10;https://www.kabum.com.br/produto/586255/monitor-gamer-aoc-27-165hz-full-hd-1ms-displayport-hdmi-e-vga-ajuste-de-altura-27g2s-bk;27;165
"Monitor Gamer Curvo KBM! GAMING MG330 31.5"", 165Hz, Full Hd, 1ms, DisplayPort e HDMI, Adaptive Sync, Ajuste De Ângulo - KGMG33031PT";R$ 1.199,99;https://www.kabum.com.br/produto/471915/monitor-gamer-curvo-kbm-gaming-mg330-31-5-165hz-full-hd-1ms-displayport-e-hdmi-adaptive-sync-ajuste-de-angulo-kgmg33031pt;31.5;165
"Monitor Gamer Samsung Odyssey G30, FULL HD, Tela Plana, 24"", Painel VA, 144Hz, 1Ms, HDMI, FreeSync Premium";R$ 789,00;https://www.kabum.com.br/produto/461715/monitor-gamer-samsung-odyssey-g30-full-hd-tela-plana-24-painel-va-144hz-1ms-hdmi-freesync-premium;24;144
"Monitor Gamer AOC 23,8"", 165Hz Full HD, 1ms, DisplayPort, HDMI e VGA, Ajuste de Altura - 24G2S/BK";R$ 1.100,00;https://www.kabum.com.br/produto/525511/monitor-gamer-aoc-23-8-165hz-full-hd-1ms-displayport-hdmi-e-vga-ajuste-de-altura-24g2s-bk;8;165
Monitor Asus TUF Gaming 27 Full HD, 165Hz, 1ms, IPS, HDMI e DisplayPort, FreeSync Premium, VESA - VG279Q1A;R$ 1.099,00;https://www.kabum.com.br/produto/406136/monitor-asus-tuf-gaming-27-full-hd-165hz-1ms-ips-hdmi-e-displayport-freesync-premium-vesa-vg279q1a;;165
Monitor Gamer Curvo Concórdia 27'', 100Hz, Led FULL HD, HDMI, VGA - Cz270f;R$ 750,55;https://www.kabum.com.br/produto/504136/monitor-gamer-curvo-concordia-27-100hz-led-full-hd-hdmi-vga-cz270f;27;100
"Monitor Gamer KBM! GAMING MG800 34"", Ultrawide, 180Hz, QHD, 1ms, DisplayPort e HDMI, Adaptive Sync, 95% SRGB - KGMG80034PT";R$ 2.099,99;https://www.kabum.com.br/produto/471913/monitor-gamer-kbm-gaming-mg800-34-ultrawide-180hz-qhd-1ms-displayport-e-hdmi-adaptive-sync-95-srgb-kgmg80034pt;34;180
"Monitor Gamer Samsung Odyssey G32 27"", 165Hz, Full HD, 1ms, DisplayPort e HDMI, FreeSync Premium, Ajuste de Altura, Preto - LS27AG320NLXZD";R$ 1.199,99;https://www.kabum.com.br/produto/364670/monitor-gamer-samsung-odyssey-g32-27-165hz-full-hd-1ms-displayport-e-hdmi-freesync-premium-ajuste-de-altura-preto-ls27ag320nlxzd;27;165
"Monitor Gamer LG 29"" LED, Ultra Wide, 75Hz, Full HD, IPS, DisplayPort e HDMI, FreeSync, 99% sRGB, VESA, Preto - 29UM69G-B";R$ 1.099,99;https://www.kabum.com.br/produto/90224/monitor-gamer-lg-29-led-ultra-wide-75hz-full-hd-ips-displayport-e-hdmi-freesync-99-srgb-vesa-preto-29um69g-b;29;75
Monitor Gamer ASUS TUF VG27AQL3A, 27 QHD, 180Hz, Fast IPS, 1ms, Freesync Premium, G-Sync, 130% sRGB, DisplayHDR 400 - 90LM09A0-B013X0;R$ 2.299,99;https://www.kabum.com.br/produto/518329/monitor-gamer-asus-tuf-vg27aql3a-27-qhd-180hz-fast-ips-1ms-freesync-premium-g-sync-130-srgb-displayhdr-400-90lm09a0-b013x0;;180
"Monitor Gamer KBM! GAMING MG250 - 25"" LED Full HD, 180Hz, 1ms, HDMI e DisplayPort, Adaptive Sync, Ajuste de Ângulo - KGMG25025PT";R$ 799,99;https://www.kabum.com.br/produto/519139/monitor-gamer-kbm-gaming-mg250-25-led-full-hd-180hz-1ms-hdmi-e-displayport-adaptive-sync-ajuste-de-angulo-kgmg25025pt;25;180
"Monitor Gamer Samsung 27"", Wide, 75Hz, Full HD, IPS, HDMI, FreeSync, VESA, Preto - LF27T350FHLMZD";R$ 899,99;https://www.kabum.com.br/produto/168358/monitor-gamer-samsung-27-wide-75hz-full-hd-ips-hdmi-freesync-vesa-preto-lf27t350fhlmzd;27;75
"Monitor Gamer Samsung T350, 75Hz, 5Ms, HDMI, 22"" FULL HD Tela Plana, FreeSync, Game Mode";R$ 520,10;https://www.kabum.com.br/produto/254368/monitor-gamer-samsung-t350-75hz-5ms-hdmi-22-full-hd-tela-plana-freesync-game-mode;22;75
Monitor Gamer Asus TUF 24 Full HD, 165Hz, 1ms, IPS, HDMI e DisplayPort, FreeSync Premium, VESA, Som Integrado - VG249Q1A;R$ 1.079,90;https://www.kabum.com.br/produto/476811/monitor-gamer-asus-tuf-24-full-hd-165hz-1ms-ips-hdmi-e-displayport-freesync-premium-vesa-som-integrado-vg249q1a;;165
Monitor Gamer Asus TUF 31.5 LED 2K QHD, 165Hz, 1ms, HDMI e DisplayPort, HDR, 120% sRGB, FreeSync Premium, Som Integrado, VESA - VG32VQ1B;R$ 1.899,00;https://www.kabum.com.br/produto/115238/monitor-gamer-asus-tuf-31-5-led-2k-qhd-165hz-1ms-hdmi-e-displayport-hdr-120-srgb-freesync-premium-som-integrado-vesa-vg32vq1b;;165
"Monitor Gamer Concórdia Curvo, 27"" LED Full HD, 240Hz, 1Ms, 2 HDMI, 2 DP, Freesync Premium SRGB 99% - Cz270f";R$ 999,00;https://www.kabum.com.br/produto/537219/monitor-gamer-concordia-curvo-27-led-full-hd-240hz-1ms-2-hdmi-2-dp-freesync-premium-srgb-99-cz270f;27;240
"Monitor Gamer Acer Nitro Zeroframe, 23.8"" LED Va, 180Hz, 1Ms, HDMI/dp, Full HD, Preto - QG240Y S3bip";R$ 739,90;https://www.kabum.com.br/produto/466559/monitor-gamer-acer-nitro-zeroframe-23-8-led-va-180hz-1ms-hdmi-dp-full-hd-preto-qg240y-s3bip;23.8;180
"Monitor Gamer Samsung Odyssey G3 24"", 144Hz, Full HD, 1ms, DisplayPort e HDMI, FreeSync Premium, Ajuste de Altura, VESA - LS24BG300ELMZD";R$ 1.099,99;https://www.kabum.com.br/produto/405437/monitor-gamer-samsung-odyssey-g3-24-144hz-full-hd-1ms-displayport-e-hdmi-freesync-premium-ajuste-de-altura-vesa-ls24bg300elmzd;24;144
"Monitor Gamer Primetek 27"" LED Full HD, 180Hz, HDMI, DisplayPort - 27h2g";R$ 778,36;https://www.kabum.com.br/produto/378735/monitor-gamer-primetek-27-led-full-hd-180hz-hdmi-displayport-27h2g;27;180
Monitor Gamer LG, 21,5 Full HD, 75Hz, 5Ms, HDMI, VA, Freesync - 22mp410-b;R$ 552,84;https://www.kabum.com.br/produto/399859/monitor-gamer-lg-21-5-full-hd-75hz-5ms-hdmi-va-freesync-22mp410-b;;75
"Monitor Gamer MSI PROMP243XW, 23.8"", 100Hz, Full HD, 1ms, DisplayPort e HDMI, Adaptive-Sync";R$ 799,99;https://www.kabum.com.br/produto/524456/monitor-gamer-msi-promp243xw-23-8-100hz-full-hd-1ms-displayport-e-hdmi-adaptive-sync;23.8;100
"Monitor Gamer Curvo AOC Legend 27"", 240Hz, Full HD, 0.5ms, DisplayPort e HDMI, FreeSync Premium, 120% sRGB - C27G2ZE";R$ 1.599,99;https://www.kabum.com.br/produto/229561/monitor-gamer-curvo-aoc-legend-27-240hz-full-hd-0-5ms-displayport-e-hdmi-freesync-premium-120-srgb-c27g2ze;27;240
"Monitor Gamer AOC Viper, 24"", FULL HD, 165Hz, 1Ms, Freesync, HDMI e DisplayPort - 24g2se";R$ 759,90;https://www.kabum.com.br/produto/381076/monitor-gamer-aoc-viper-24-full-hd-165hz-1ms-freesync-hdmi-e-displayport-24g2se;24;165
"Monitor Gamer Neologic 24"" Vortex , Full Hd, 100hz, Ips, 3ms, HDMI, Com Cabo HDMI, Fonte Bivolt - Nvx100";R$ 559,00;https://www.kabum.com.br/produto/618286/monitor-gamer-neologic-24-vortex-full-hd-100hz-ips-3ms-hdmi-com-cabo-hdmi-fonte-bivolt-nvx100;24;100
Monitor Gamer Gigabyte 24 Full HD, 165Hz, 1ms, IPS, HDMI e DisplayPort, 125% sRGB, HDR, FreeSync, Altura Ajustável - G24F2BR;R$ 1.140,00;https://www.kabum.com.br/produto/396347/monitor-gamer-gigabyte-24-full-hd-165hz-1ms-ips-hdmi-e-displayport-125-srgb-hdr-freesync-altura-ajustavel-g24f2br;;165
"Monitor Gamer Ozone 24.5"" 144Hz, Full HD, 1ms, DisplayPort e HDMI, FreeSync, Preto - OZDSP25FHD";R$ 849,99;https://www.kabum.com.br/produto/114411/monitor-gamer-ozone-24-5-144hz-full-hd-1ms-displayport-e-hdmi-freesync-preto-ozdsp25fhd;24.5;144
"Monitor Gamer Dell Alienware 25"" FULL HD, 360Hz, IPS, 1ms, Freesync, Hub USB, DP, HDMI";R$ 3.149,00;https://www.kabum.com.br/produto/508885/monitor-gamer-dell-alienware-25-full-hd-360hz-ips-1ms-freesync-hub-usb-dp-hdmi;25;360
"Monitor Gamer Curvo Primetek A3l1m, 30"" LED FULL HD, 200HZ, 7ms, Displayport, HDMI";R$ 1.126,65;https://www.kabum.com.br/produto/477138/monitor-gamer-curvo-primetek-a3l1m-30-led-full-hd-200hz-7ms-displayport-hdmi;30;
"Monitor Gamer PCFort 27"" Led Full HD, HDMI, DVI, 165Hz, 1ms, Display Port, VESA - T2701-165";R$ 738,65;https://www.kabum.com.br/produto/481502/monitor-gamer-pcfort-27-led-full-hd-hdmi-dvi-165hz-1ms-display-port-vesa-t2701-165;27;165
"Monitor Gamer LG 23.8"" Led Full HD, IPS, 1ms, 75Hz, HDMI, VGA Vesa, Preto, Bivolt - 24ML600M-B.AWZM";R$ 599,90;https://www.kabum.com.br/produto/311766/monitor-gamer-lg-23-8-led-full-hd-ips-1ms-75hz-hdmi-vga-vesa-preto-bivolt-24ml600m-b-awzm;23.8;75
Monitor Gamer LG Ultragear, 24”, LED, 180Hz, 1ms, DisplayPort, HDMI, AMD Freesync, HDR10 - 24gs60f-b;R$ 1.029,90;https://www.kabum.com.br/produto/617865/monitor-gamer-lg-ultragear-24-led-180hz-1ms-displayport-hdmi-amd-freesync-hdr10-24gs60f-b;24;180
"Monitor Gamer Curvo Concórdia 27"", 200Hz, Full HD, 1ms, DisplayPort e HDMI, R1500, FreeSync, Som Integrado, Preto - CZ270F";R$ 889,99;https://www.kabum.com.br/produto/365024/monitor-gamer-curvo-concordia-27-200hz-full-hd-1ms-displayport-e-hdmi-r1500-freesync-som-integrado-preto-cz270f;27;200
"Monitor Gamer Curvo Acer ED270 X2BMIIPX Nitro, 27"" LED FULL HD, 240Hz 1ms, DisplayPort e HDMI - UM.HE0AA.204";R$ 1.669,99;https://www.kabum.com.br/produto/619685/monitor-gamer-curvo-acer-ed270-x2bmiipx-nitro-27-led-full-hd-240hz-1ms-displayport-e-hdmi-um-he0aa-204;27;240
"Monitor Gamer Samsung T350, 27"" FHD, 75Hz, 5Ms, HDMI, FreeSync, Game Mode - Lf27t350fhlmzd";R$ 739,90;https://www.kabum.com.br/produto/275838/monitor-gamer-samsung-t350-27-fhd-75hz-5ms-hdmi-freesync-game-mode-lf27t350fhlmzd;27;75
"Monitor Gamer MSI MAG401QR, 40"", 155Hz, UWQHD, 1ms, DisplayPort e HDMI, HDR, Adaptive-Sync";R$ 3.799,99;https://www.kabum.com.br/produto/524454/monitor-gamer-msi-mag401qr-40-155hz-uwqhd-1ms-displayport-e-hdmi-hdr-adaptive-sync;40;155
"Monitor Gamer Curvo Samsung Odyssey 49"" OLED, Super Ultrawide, 240Hz, 0.03ms, DisplayPort, HDMI, Freesync Premium, Prata - LS49CG930SLMZD";R$ 8.699,00;https://www.kabum.com.br/produto/613319/monitor-gamer-curvo-samsung-odyssey-49-oled-super-ultrawide-240hz-0-03ms-displayport-hdmi-freesync-premium-prata-ls49cg930slmzd;49;240
"Monitor Gamer BRX, LED, Tela 21"", 60Hz, HDMI, VGA, Widescreen";R$ 457,52;https://www.kabum.com.br/produto/524084/monitor-gamer-brx-led-tela-21-60hz-hdmi-vga-widescreen;21;60
"Monitor Gamer Acer Predator 27"", 280Hz, Full HD, 1ms, IPS, DisplayPort e HDMI, HDR, Ajuste de Altura, VESA, Som Integrado, G-Sync - XB273";R$ 1.999,99;https://www.kabum.com.br/produto/381323/monitor-gamer-acer-predator-27-280hz-full-hd-1ms-ips-displayport-e-hdmi-hdr-ajuste-de-altura-vesa-som-integrado-g-sync-xb273;27;280
"Monitor Gamer Samsung Odyssey G4 25"", 240Hz, Full HD, 1ms, IPS, DisplayPort e HDMI, 99% sRGB, HDR, FreeSync Premium - LS25BG400ELXZD";R$ 1.899,99;https://www.kabum.com.br/produto/365999/monitor-gamer-samsung-odyssey-g4-25-240hz-full-hd-1ms-ips-displayport-e-hdmi-99-srgb-hdr-freesync-premium-ls25bg400elxzd;25;240
"Monitor Gamer AsRock 24.5"", 100Hz, Full HD, 1ms, IPS, DisplayPort e HDMI, FreeSync, 99% sRGB - CL25FF";R$ 699,99;https://www.kabum.com.br/produto/514498/monitor-gamer-asrock-24-5-100hz-full-hd-1ms-ips-displayport-e-hdmi-freesync-99-srgb-cl25ff;24.5;100
"Monitor Gamer ASUS TUF VG279Q3A 27"" Full HD, 180Hz, 1ms, IPS, DisplayPort e HDMI, FreeSync Premium, G-Sync, 99% sRGB - 90LM0990-B011B0";R$ 1.249,00;https://www.kabum.com.br/produto/534721/monitor-gamer-asus-tuf-vg279q3a-27-full-hd-180hz-1ms-ips-displayport-e-hdmi-freesync-premium-g-sync-99-srgb-90lm0990-b011b0;27;180
"Monitor Gamer Corsair Xeneon 27"" OLED, 240Hz, QHD, 0.03ms, HDR, G-Sync e FreeSync Premium, Preto - CM-9030002-NA";R$ 5.200,00;https://www.kabum.com.br/produto/478725/monitor-gamer-corsair-xeneon-27-oled-240hz-qhd-0-03ms-hdr-g-sync-e-freesync-premium-preto-cm-9030002-na;27;240
"Monitor Gamer LG Ultragear, 23.8"" Full HD HDR, 144hz, 1ms, IPS, Freesync, HDMI, DP, Preto - 24GN60R-B";R$ 998,99;https://www.kabum.com.br/produto/457032/monitor-gamer-lg-ultragear-23-8-full-hd-hdr-144hz-1ms-ips-freesync-hdmi-dp-preto-24gn60r-b;23.8;144
"Monitor Gamer UltraWide LG, 27"", 100Hz, 5ms, HDMI - 27ms500-b";R$ 763,38;https://www.kabum.com.br/produto/619753/monitor-gamer-ultrawide-lg-27-100hz-5ms-hdmi-27ms500-b;27;100
Monitor Gamer ASUS ROG Swift Pro PG248QP, 24.1 FHD, 540Hz, NVIDIA G-Sync esports, Esports-TN panel - 90LM08T0-B013X0;R$ 7.299,99;https://www.kabum.com.br/produto/518332/monitor-gamer-asus-rog-swift-pro-pg248qp-24-1-fhd-540hz-nvidia-g-sync-esports-esports-tn-panel-90lm08t0-b013x0;;540
Monitor Gamer Alienware, 27 Polegadas QHD - Aw2724dm;R$ 3.010,55;https://www.kabum.com.br/produto/508965/monitor-gamer-alienware-27-polegadas-qhd-aw2724dm;;
"Monitor Gamer AOC 27"", 100Hz, Full HD, 1ms, IPS, DisplayPort e HDMI, Adaptive-Sync - 27G2E1";R$ 1.100,00;https://www.kabum.com.br/produto/525504/monitor-gamer-aoc-27-100hz-full-hd-1ms-ips-displayport-e-hdmi-adaptive-sync-27g2e1;27;100
"Monitor Gamer Acer 23.8"", 75Hz, Full HD, 1ms, HDMI e VGA, FreeSync, VESA, Preto - KA242Y A";R$ 877,00;https://www.kabum.com.br/produto/140677/monitor-gamer-acer-23-8-75hz-full-hd-1ms-hdmi-e-vga-freesync-vesa-preto-ka242y-a;23.8;75
"Monitor Gamer LG 29"" UltraWide Full HD, 75Hz, DisplayPort, HDMI, VESA FreeSync - 29UM69G-B";R$ 999,90;https://www.kabum.com.br/produto/277219/monitor-gamer-lg-29-ultrawide-full-hd-75hz-displayport-hdmi-vesa-freesync-29um69g-b;29;75
"Monitor Gamer MSI G32CQ5P E2, 31.5"", 170Hz, WQHD, 1ms, DisplayPort e HDMI, Adaptive-Sync";R$ 1.749,99;https://www.kabum.com.br/produto/524452/monitor-gamer-msi-g32cq5p-e2-31-5-170hz-wqhd-1ms-displayport-e-hdmi-adaptive-sync;31.5;170
"Monitor Gamer Gigabyte 27"", 180Hz, Full HD, 1ms, DisplayPort e HDMI, 108% sRGB, HDR, Adaptive-Sync - GS27FC SA";R$ 1.099,98;https://www.kabum.com.br/produto/495223/monitor-gamer-gigabyte-27-180hz-full-hd-1ms-displayport-e-hdmi-108-srgb-hdr-adaptive-sync-gs27fc-sa;27;180
Monitor Gamer Neologic 24 Polegadas, Full HD, 165Hz, IPS, 1Ms, Vortexedge 24x, HDMI/Display Port, Com Cabo Display Port, Fonte Bivolt - Nve2401x;R$ 749,00;https://www.kabum.com.br/produto/507439/monitor-gamer-neologic-24-polegadas-full-hd-165hz-ips-1ms-vortexedge-24x-hdmi-display-port-com-cabo-display-port-fonte-bivolt-nve2401x;;165
"Monitor Gamer LG UltraGear 27"" OLED, QHD, 240Hz, 0.03ms, DisplayPort, HDMI e USB, NVIDIA G-SYNC, AMD FreeSync, HDR400 - 27GS95QE-B";R$ 5.699,99;https://www.kabum.com.br/produto/614880/monitor-gamer-lg-ultragear-27-oled-qhd-240hz-0-03ms-displayport-hdmi-e-usb-nvidia-g-sync-amd-freesync-hdr400-27gs95qe-b;27;240
"Monitor Gamer AOC 24.5"", Wide, 240Hz, Full HD, 0.5ms, DisplayPort e HDMI, 119,9% sRGB, HDR 10, FreeSync Premium, VESA - 25G3ZM";R$ 1.439,99;https://www.kabum.com.br/produto/462424/monitor-gamer-aoc-24-5-wide-240hz-full-hd-0-5ms-displayport-e-hdmi-119-9-srgb-hdr-10-freesync-premium-vesa-25g3zm;24.5;240
Monitor Gamer Samsung Odyssey G40, 27p, FHD, Tela Plana, 240Hz, 1Ms, HDMI, Freesync Premium, G-Sync, Preto;R$ 1.452,65;https://www.kabum.com.br/produto/374599/monitor-gamer-samsung-odyssey-g40-27p-fhd-tela-plana-240hz-1ms-hdmi-freesync-premium-g-sync-preto;;240
Monitor Gamer AOC Agon Curved, 31.5 Polegadas, LED, 165hz, 1MS, Widescreen - AG323FCXE;R$ 1.519,05;https://www.kabum.com.br/produto/162934/monitor-gamer-aoc-agon-curved-31-5-polegadas-led-165hz-1ms-widescreen-ag323fcxe;;165
"Monitor Gamer Acer Nitro XZ342CU V3, 34"", QHD, 180Hz, 1ms, DisplayPort e HDMI, FreeSync HDR, FreeSync - UM.CX2AA.304";R$ 2.549,99;https://www.kabum.com.br/produto/623777/monitor-gamer-acer-nitro-xz342cu-v3-34-qhd-180hz-1ms-displayport-e-hdmi-freesync-hdr-freesync-um-cx2aa-304;34;180
"Monitor Gamer MSI OLED QUANTUM DOT MAG 341CQP, 34"" QHD, 175Hz, 0.3ms, DisplayPort e HDMI, HDR, Adaptive-Sync";R$ 6.499,00;https://www.kabum.com.br/produto/524450/monitor-gamer-msi-oled-quantum-dot-mag-341cqp-34-qhd-175hz-0-3ms-displayport-e-hdmi-hdr-adaptive-sync;34;175
"Monitor Gamer LG 23.8"" LED FHD, 60Hz, 5Ms, IPS, VGA, HDMI, DP - 24BL550J";R$ 699,99;https://www.kabum.com.br/produto/358329/monitor-gamer-lg-23-8-led-fhd-60hz-5ms-ips-vga-hdmi-dp-24bl550j;23.8;60
"Monitor Gamer MSI MAG 325CQRXF, 31.5"", 240Hz, WQHD, 1ms, DisplayPort e HDMI, HDR, Adaptive-Sync";R$ 2.899,00;https://www.kabum.com.br/produto/524451/monitor-gamer-msi-mag-325cqrxf-31-5-240hz-wqhd-1ms-displayport-e-hdmi-hdr-adaptive-sync;31.5;240
"Monitor LG 32"" UHD 4K, DisplayPort e HDMI, HDR10, AMD Free Sync, Dynamic Action Sync, Black Stabilizer, UltraHD - 32UR500-B";R$ 1.812,00;https://www.kabum.com.br/produto/587331/monitor-lg-32-uhd-4k-displayport-e-hdmi-hdr10-amd-free-sync-dynamic-action-sync-black-stabilizer-ultrahd-32ur500-b;32;
"Monitor Gamer PCfort 27"" LED Full HD, IPS, 100Hz, 5ms, HDMI/VGA/VESA - T2710";R$ 674,90;https://www.kabum.com.br/produto/614777/monitor-gamer-pcfort-27-led-full-hd-ips-100hz-5ms-hdmi-vga-vesa-t2710;27;100
"Monitor Gamer Duex, FULL HD, 1MS, 240Hz, Curvo, VA, Freesync, 27"", HDMI/Display Port, USB - Dx270zg";R$ 1.118,76;https://www.kabum.com.br/produto/469444/monitor-gamer-duex-full-hd-1ms-240hz-curvo-va-freesync-27-hdmi-display-port-usb-dx270zg;27;240
"Monitor Gamer ASUS TUF VG34VQL3A 34"" WQHD Curvo, 180Hz, 1ms, DisplayPort e HDMI, Freesync, 125% sRGB, HDR - 90LM06F0-B02EB0";R$ 2.499,99;https://www.kabum.com.br/produto/583034/monitor-gamer-asus-tuf-vg34vql3a-34-wqhd-curvo-180hz-1ms-displayport-e-hdmi-freesync-125-srgb-hdr-90lm06f0-b02eb0;34;180
Monitor Gamer Draxen, 23.8'' resolução de 1920 x 1080, tempo de resposta de 1 MS 165Hz Full HD, 1x Hdmi E. 1x dp, Sem Borda;R$ 636,65;https://www.kabum.com.br/produto/396485/monitor-gamer-draxen-23-8-resolucao-de-1920-x-1080-tempo-de-resposta-de-1-ms-165hz-full-hd-1x-hdmi-e-1x-dp-sem-borda;23.8;165
"Monitor Gamer AOC Viper 27"" FULL HD, 165Hz, 1Ms, FreeSync, HDMI E DisplayPort - 27G2SE";R$ 995,00;https://www.kabum.com.br/produto/395695/monitor-gamer-aoc-viper-27-full-hd-165hz-1ms-freesync-hdmi-e-displayport-27g2se;27;165
"Monitor Gamer Samsung Odyssey G32, 27"" Full HD, Tela Plana, 165Hz, 1Ms, HDMI, FreeSync Premium, Game Mode";R$ 1.089,00;https://www.kabum.com.br/produto/374587/monitor-gamer-samsung-odyssey-g32-27-full-hd-tela-plana-165hz-1ms-hdmi-freesync-premium-game-mode;27;165
Monitor Concórdia Gamer Curvo, 27'', Led Full Hd, 165hz, Freesync - Cz270f;R$ 918,85;https://www.kabum.com.br/produto/430112/monitor-concordia-gamer-curvo-27-led-full-hd-165hz-freesync-cz270f;27;165
Monitor Gamer Concórdia 23.8'' Led, 165Hz, Display Port, HDMI, Freesync - R200s;R$ 729,30;https://www.kabum.com.br/produto/430113/monitor-gamer-concordia-23-8-led-165hz-display-port-hdmi-freesync-r200s;23.8;165
"Monitor Gamer LG Ergo DualUp 28"" SDQHD, 60Hz, IPS, HDMI e USB-C, HDR 10, Ajuste de Altura, Som Integrado, VESA, PBP - 28MQ780";R$ 3.399,00;https://www.kabum.com.br/produto/444039/monitor-gamer-lg-ergo-dualup-28-sdqhd-60hz-ips-hdmi-e-usb-c-hdr-10-ajuste-de-altura-som-integrado-vesa-pbp-28mq780;28;60
"Monitor Gamer Curvo LG UltraGear, 45"" OLED QHD, 240Hz, 0.03ms, DisplayPort e HDMI, HDR400, G-Sync, FreeSync, Preto ? 45GS95QE-B";R$ 9.999,99;https://www.kabum.com.br/produto/620993/monitor-gamer-curvo-lg-ultragear-45-oled-qhd-240hz-0-03ms-displayport-e-hdmi-hdr400-g-sync-freesync-preto-45gs95qe-b;45;240
Monitor Gamer Alienware, 27 Polegadas, 60hz Qd-oled - Aw2725df;R$ 6.174,05;https://www.kabum.com.br/produto/534733/monitor-gamer-alienware-27-polegadas-60hz-qd-oled-aw2725df;;60
"Monitor Gamer Curvo Concórdia, 23.8"" Full HD, 165Hz, HDMI, 1ms, USB, SRGB, Antirreflexo - CZ238F";R$ 739,00;https://www.kabum.com.br/produto/595974/monitor-gamer-curvo-concordia-23-8-full-hd-165hz-hdmi-1ms-usb-srgb-antirreflexo-cz238f;23.8;165
Monitor Gamer Asus Rog Strix 49”, Curvo Ultrawide 144hz HDMI Displayport - Xg49vq;R$ 8.667,90;https://www.kabum.com.br/produto/538943/monitor-gamer-asus-rog-strix-49-curvo-ultrawide-144hz-hdmi-displayport-xg49vq;49;144
"Monitor Gamer MSI G274F, 27"", 180Hz, Full HD, 1ms, DisplayPort e HDMI, Adaptive-Sync";R$ 1.149,99;https://www.kabum.com.br/produto/524453/monitor-gamer-msi-g274f-27-180hz-full-hd-1ms-displayport-e-hdmi-adaptive-sync;27;180
"Monitor Gamer Lg 29"" LED, Ultra Wide, 75hz, Full Hd, Ips, Displayport E HDMI, Freesync, Vesa, Preto - 29um69g";R$ 999,00;https://www.kabum.com.br/produto/633623/monitor-gamer-lg-29-led-ultra-wide-75hz-full-hd-ips-displayport-e-hdmi-freesync-vesa-preto-29um69g;29;75
"Monitor Gamer AsRock 27"" 165Hz, Full HD, 1ms, IPS, DisplayPort e HDMI, HDR, FreeSync, 123% sRGB - PG27FF1A";R$ 1.199,99;https://www.kabum.com.br/produto/514497/monitor-gamer-asrock-27-165hz-full-hd-1ms-ips-displayport-e-hdmi-hdr-freesync-123-srgb-pg27ff1a;27;165
"Monitor Gamer Corsair Xeneon Flex OLED 45"" WQHD, 240Hz, 0.03ms, DisplayPort e HDMI, G-Sync e FreeSync Premium - CM-9030001-NA";R$ 9.999,00;https://www.kabum.com.br/produto/478724/monitor-gamer-corsair-xeneon-flex-oled-45-wqhd-240hz-0-03ms-displayport-e-hdmi-g-sync-e-freesync-premium-cm-9030001-na;45;240
Monitor Gamer AOC 27 2K QHD, 170Hz, 1ms, IPS, HDMI e DisplayPort, G-Sync, HDR, 129% sRGB, VESA - AG275QXR;R$ 2.399,99;https://www.kabum.com.br/produto/471888/monitor-gamer-aoc-27-2k-qhd-170hz-1ms-ips-hdmi-e-displayport-g-sync-hdr-129-srgb-vesa-ag275qxr;;170
Monitor Gamer Samsung Odyssey G40, 25p, FHD, Tela Plana, 240Hz, 1Ms, HDMI, FreeSync Premium, G-Sync;R$ 1.704,31;https://www.kabum.com.br/produto/374598/monitor-gamer-samsung-odyssey-g40-25p-fhd-tela-plana-240hz-1ms-hdmi-freesync-premium-g-sync;;240
"Monitor Gamer LG 34"" Full HD, Ultrawide, 75Hz, 5Ms, HDMI, IPS, HDR10, Freesync - 34wp550-b";R$ 2.587,19;https://www.kabum.com.br/produto/340630/monitor-gamer-lg-34-full-hd-ultrawide-75hz-5ms-hdmi-ips-hdr10-freesync-34wp550-b;34;75
Monitor Gamer Asus TUF 27' IPS, 280 Hz, Full HD, 1ms, G-Sync, HDR 400, 99% sRGB, HDMI/DisplayPort, Ajuste de Altura, Vesa, Som - VG279QM;R$ 2.199,99;https://www.kabum.com.br/produto/113008/monitor-gamer-asus-tuf-27-ips-280-hz-full-hd-1ms-g-sync-hdr-400-99-srgb-hdmi-displayport-ajuste-de-altura-vesa-som-vg279qm;27;280
"Monitor Gamer ASUS TUF 23.8"", 165Hz, Full HD, 1ms, DisplayPort e HDMI, FreeSync Premium, Som Integrado, Extreme Low Motion Blue - VG247Q1A";R$ 1.700,00;https://www.kabum.com.br/produto/211015/monitor-gamer-asus-tuf-23-8-165hz-full-hd-1ms-displayport-e-hdmi-freesync-premium-som-integrado-extreme-low-motion-blue-vg247q1a;23.8;165
"Monitor Gamer PCYes O-CREED O40 27"", 165Hz, Full HD, 1ms, DisplayPort, HDMI e USB, FreeSync - PMG270FD165";R$ 849,99;https://www.kabum.com.br/produto/534292/monitor-gamer-pcyes-o-creed-o40-27-165hz-full-hd-1ms-displayport-hdmi-e-usb-freesync-pmg270fd165;27;165
"Monitor Gamer BenQ Zowie XL2546X 24.5"" Full HD, 240Hz, 1ms, IPS, DisplayPort e HDMI, Tecnologia DyAc, Ajuste de Altura - 9H.LLRLB.QBL";R$ 4.799,99;https://www.kabum.com.br/produto/535603/monitor-gamer-benq-zowie-xl2546x-24-5-full-hd-240hz-1ms-ips-displayport-e-hdmi-tecnologia-dyac-ajuste-de-altura-9h-llrlb-qbl;24.5;240
"Monitor Gamer Acer Nitro, 27"" Led Full HD, 100Hz, 1ms, Vrb, Vga, HDMI - Kg273 Ebi";R$ 899,00;https://www.kabum.com.br/produto/509346/monitor-gamer-acer-nitro-27-led-full-hd-100hz-1ms-vrb-vga-hdmi-kg273-ebi;27;100
Monitor Acer Gamer Nitro Ed320q X2bmiipx 31.5” Zeroframe LED Fhd 240hz 1ms Vrb 1x HDMI;R$ 1.599,00;https://www.kabum.com.br/produto/618219/monitor-acer-gamer-nitro-ed320q-x2bmiipx-31-5-zeroframe-led-fhd-240hz-1ms-vrb-1x-hdmi;31.5;240
"Monitor Gamer ASUS TUF VG249Q3A, 24"" Full HD, 180Hz, 1ms, IPS, DisplayPort e HDMI, FreeSync, 99% sRGB - 90LM09B0-B021B0";R$ 1.199,99;https://www.kabum.com.br/produto/582419/monitor-gamer-asus-tuf-vg249q3a-24-full-hd-180hz-1ms-ips-displayport-e-hdmi-freesync-99-srgb-90lm09b0-b021b0;24;180
"Monitor Gamer Acer Ka272, 27"" Full Hd, 100hz, Ips, 1ms, VGA, HDMI - Um.hx2aa.e06";R$ 946,05;https://www.kabum.com.br/produto/516403/monitor-gamer-acer-ka272-27-full-hd-100hz-ips-1ms-vga-hdmi-um-hx2aa-e06;27;100
"Monitor Gamer Curvo Primetek, 34"" WQHD, 180Hz, HDMI / DP - 34gsr";R$ 1.872,78;https://www.kabum.com.br/produto/518646/monitor-gamer-curvo-primetek-34-wqhd-180hz-hdmi-dp-34gsr;34;180
Monitor Gamer 27,bluecase,100hz,branco Curvo Nyx Bm27ffh3gcw;R$ 839,99;https://www.kabum.com.br/produto/632724/monitor-gamer-27-bluecase-100hz-branco-curvo-nyx-bm27ffh3gcw;;100
Monitor Gamer Tela 19’’ 5ms 60hz HDMI Vga Gaming Ajustável Full Hd;R$ 362,00;https://www.kabum.com.br/produto/624522/monitor-gamer-tela-19-5ms-60hz-hdmi-vga-gaming-ajustavel-full-hd;;60
"Monitor Gamer Duex 27"", 240Hz, Full HD, 1ms, IPS, DisplayPort e HDMI, 99% sRGB, VESA - 270ZG";R$ 889,99;https://www.kabum.com.br/produto/399668/monitor-gamer-duex-27-240hz-full-hd-1ms-ips-displayport-e-hdmi-99-srgb-vesa-270zg;27;240
"Monitor Gamer PCYes O-CREED O10 23.8"", 165Hz, Full HD, 1ms, DisplayPort, HDMI e USB, FreeSync - PMG240FD165";R$ 699,99;https://www.kabum.com.br/produto/534287/monitor-gamer-pcyes-o-creed-o10-23-8-165hz-full-hd-1ms-displayport-hdmi-e-usb-freesync-pmg240fd165;23.8;165
Monitor Gamer 22 polegadas 60hz PC Reduz Luz Azul HDMI Vga;R$ 402,83;https://www.kabum.com.br/produto/624524/monitor-gamer-22-polegadas-60hz-pc-reduz-luz-azul-hdmi-vga;;60
"Monitor Gamer BRX Slim 20 "" LED, 60Hz, 3Ms, HDMI/VGA";R$ 379,91;https://www.kabum.com.br/produto/379593/monitor-gamer-brx-slim-20-led-60hz-3ms-hdmi-vga;20;60
"Monitor Gamer Curvo Alienware, 32"" 4K Qd-OLED, 240Hz, 0.03 Ms, DisplayPort, HDMI - Aw3225qf";R$ 8.074,05;https://www.kabum.com.br/produto/534732/monitor-gamer-curvo-alienware-32-4k-qd-oled-240hz-0-03-ms-displayport-hdmi-aw3225qf;32;240
"Monitor Touch Elgin Cm15-h 15"" Vga - HDMI";R$ 1.915,44;https://www.kabum.com.br/produto/597392/monitor-touch-elgin-cm15-h-15-vga-hdmi;15;
Monitor Gamer Concórdia 27 Polegadas, 2K, WQHD, 165hz, 1ms, HDMI, DP - K270q;R$ 2.549,15;https://www.kabum.com.br/produto/422030/monitor-gamer-concordia-27-polegadas-2k-wqhd-165hz-1ms-hdmi-dp-k270q;;165
"Monitor Gamer AsRock 31.5"", 165Hz, QHD, 1ms, DisplayPort e HDMI, HDR, FreeSync, 116% sRGB - PG32QF2B";R$ 1.999,99;https://www.kabum.com.br/produto/514490/monitor-gamer-asrock-31-5-165hz-qhd-1ms-displayport-e-hdmi-hdr-freesync-116-srgb-pg32qf2b;31.5;165
"Monitor Gamer BenQ Mobiuz EX240N 23.8"", 165Hz, Full HD, 1ms, IPS, DisplayPort e HDMI, FreeSync Premium, HDRi, Som Integrado, sRGB - 9H.LL6LB.QBA";R$ 1.799,99;https://www.kabum.com.br/produto/531093/monitor-gamer-benq-mobiuz-ex240n-23-8-165hz-full-hd-1ms-ips-displayport-e-hdmi-freesync-premium-hdri-som-integrado-srgb-9h-ll6lb-qba;23.8;165
"Monitor Gamer Cooler Master 23.8"", 144Hz, Full HD, 0.5ms, DisplayPort e HDMI, DCI-P3 de 90%, HDR - CMI-GM238-FFS-BR";R$ 1.399,99;https://www.kabum.com.br/produto/378059/monitor-gamer-cooler-master-23-8-144hz-full-hd-0-5ms-displayport-e-hdmi-dci-p3-de-90-hdr-cmi-gm238-ffs-br;23.8;144
Monitor Gamer ASUS ROG Swift PG27AQDM 27 OLED QHD, 240 Hz, 0.03ms, G-SYNC compatible - 90LM08Q0-B01AX0;R$ 7.999,99;https://www.kabum.com.br/produto/518333/monitor-gamer-asus-rog-swift-pg27aqdm-27-oled-qhd-240-hz-0-03ms-g-sync-compatible-90lm08q0-b01ax0;;240
"Monitor Gamer Redragon Vaga, 23.8"" Full HD, IPS, 75hz, HDMI e VGA, Preto - BM24V9";R$ 679,99;https://www.kabum.com.br/produto/630343/monitor-gamer-redragon-vaga-23-8-full-hd-ips-75hz-hdmi-e-vga-preto-bm24v9;23.8;75
Monitor Gamer Concórdia 27 Polegadas, LED Full HD, 165Hz, 1Ms, Freesync - H270F;R$ 889,10;https://www.kabum.com.br/produto/422039/monitor-gamer-concordia-27-polegadas-led-full-hd-165hz-1ms-freesync-h270f;;165
Monitor Gamer Curvo Concórdia 31.5 Polegadas, 2k, WQHD, 165hz, 1ms, 2 HDMI, DP, Ajuste De Altura E Rotação - C315Q;R$ 3.059,15;https://www.kabum.com.br/produto/422029/monitor-gamer-curvo-concordia-31-5-polegadas-2k-wqhd-165hz-1ms-2-hdmi-dp-ajuste-de-altura-e-rotacao-c315q;;165
Monitor Gamer Samsung Odyssey G5 34” Uwqhd, Tela Curva Ultrawide, Painel Va, 165hz, 1ms, Hdr10, HDMI, Dp, Freesync Premium Preto;R$ 3.156,84;https://www.kabum.com.br/produto/602367/monitor-gamer-samsung-odyssey-g5-34-uwqhd-tela-curva-ultrawide-painel-va-165hz-1ms-hdr10-hdmi-dp-freesync-premium-preto;34;165
Monitor Gamer Curvo AOC Agon Pro 49 LED Full HD, 144Hz, 1ms, HDMI/DisplayPort, FreeSync Premium, 120% sRGB, Preto e Prata - AG493QCX;R$ 5.899,90;https://www.kabum.com.br/produto/373507/monitor-gamer-curvo-aoc-agon-pro-49-led-full-hd-144hz-1ms-hdmi-displayport-freesync-premium-120-srgb-preto-e-prata-ag493qcx;;144
"Monitor Gamer KBM! GAMING MG900 34"" Curvo, Mini-led, 180 Hz, 1ms, HDMI e DisplayPort, USB-C, HDR, FreeSync - KGMG90034BR";R$ 3.799,99;https://www.kabum.com.br/produto/519138/monitor-gamer-kbm-gaming-mg900-34-curvo-mini-led-180-hz-1ms-hdmi-e-displayport-usb-c-hdr-freesync-kgmg90034br;34;180
"Monitor Gamer ASUS TUF 23.8"" Wide, 144 Hz, Full HD, 1ms, IPS, DisplayPort e HDMI, FreeSync, Ajuste de Altura, Vesa, Som Integrado - VG249Q";R$ 2.599,99;https://www.kabum.com.br/produto/109013/monitor-gamer-asus-tuf-23-8-wide-144-hz-full-hd-1ms-ips-displayport-e-hdmi-freesync-ajuste-de-altura-vesa-som-integrado-vg249q;23.8;144
"Monitor Gamer Curvo AsRock 34"", 165Hz, WQHD, 1ms, DisplayPort e HDMI, HDR, FreeSync, 115% sRGB - PG34WQ15R3A";R$ 3.299,99;https://www.kabum.com.br/produto/514488/monitor-gamer-curvo-asrock-34-165hz-wqhd-1ms-displayport-e-hdmi-hdr-freesync-115-srgb-pg34wq15r3a;34;165
Monitor Gamer Acer Nitro, Tela 23.8”, LED Ips Fhd 180Hz, 1ms, Vrb SRGB 99% Hdr 10, Freesync 1xHDMI - Kg240y M5;R$ 849,90;https://www.kabum.com.br/produto/544570/monitor-gamer-acer-nitro-tela-23-8-led-ips-fhd-180hz-1ms-vrb-srgb-99-hdr-10-freesync-1xhdmi-kg240y-m5;23.8;180
Monitor Gamer Samsung Odyssey OLED G8 32” Uhd, Tela Flat, Painel OLED, 240hz, 0.03ms, Hdr10+, Has, HDMI, Hdcp, Auto Source Switch+ Prata;R$ 8.999,06;https://www.kabum.com.br/produto/590497/monitor-gamer-samsung-odyssey-oled-g8-32-uhd-tela-flat-painel-oled-240hz-0-03ms-hdr10-has-hdmi-hdcp-auto-source-switch-prata;32;240
Monitor Tomate, 24 Polegadas LED, 60HZ, Ultra Slim, Full HD - Bivolt;R$ 478,33;https://www.kabum.com.br/produto/503432/monitor-tomate-24-polegadas-led-60hz-ultra-slim-full-hd-bivolt;;
"Monitor Curvo Gamer Samsung Odyssey Ark 55"", 165Hz, 4K, 1ms, DisplayPort, HDMI e USB, Som Integrado, Bluetooth, FreeSync - LS55CG97WNLXZD";R$ 13.999,90;https://www.kabum.com.br/produto/496129/monitor-curvo-gamer-samsung-odyssey-ark-55-165hz-4k-1ms-displayport-hdmi-e-usb-som-integrado-bluetooth-freesync-ls55cg97wnlxzd;55;165
Monitor Asus Rog Swift 41.5 OLED, 138Hz, 0,1ms, HDMI e DisplayPort, 133% sRGB, HDR, G-Sync, VESA - PG42UQ;R$ 9.949,90;https://www.kabum.com.br/produto/406126/monitor-asus-rog-swift-41-5-oled-138hz-0-1ms-hdmi-e-displayport-133-srgb-hdr-g-sync-vesa-pg42uq;;138
Monitor Gamer Gigabyte, 28 Polegadas, Full HD, 144hz, HDMI e DisplayPort - M28u;R$ 4.879,62;https://www.kabum.com.br/produto/468404/monitor-gamer-gigabyte-28-polegadas-full-hd-144hz-hdmi-e-displayport-m28u;;144
"Monitor Gamer AsRock 27"" 165Hz, QHD, 1ms, DisplayPort e HDMI, HDR, FreeSync, 110% sRGB - PG27Q15R2A";R$ 1.899,99;https://www.kabum.com.br/produto/514491/monitor-gamer-asrock-27-165hz-qhd-1ms-displayport-e-hdmi-hdr-freesync-110-srgb-pg27q15r2a;27;165
Monitor Gamer AOC Agon Pro 27 4K UHD, 160Hz, IPS, 1ms, HDMI/DisplayPort/USB-C, G-Sync, HDR 600, 133% sRGB, Som Integrado, Preto - AG274UXP;R$ 5.499,99;https://www.kabum.com.br/produto/373509/monitor-gamer-aoc-agon-pro-27-4k-uhd-160hz-ips-1ms-hdmi-displayport-usb-c-g-sync-hdr-600-133-srgb-som-integrado-preto-ag274uxp;;160
"Monitor Gamer Samsung Odyssey OLED G6 27"", 360Hz, 0.03ms - LS27DG600SLXZD";R$ 6.999,99;https://www.kabum.com.br/produto/631398/monitor-gamer-samsung-odyssey-oled-g6-27-360hz-0-03ms-ls27dg600slxzd;27;360
"Monitor Gamer Acer Nitro 23.8"", 165Hz, Full HD, 1ms, DisplayPort e HDMI, HDR, FreeSync Premium, VESA - QG241Y Pbiip";R$ 1.089,99;https://www.kabum.com.br/produto/401397/monitor-gamer-acer-nitro-23-8-165hz-full-hd-1ms-displayport-e-hdmi-hdr-freesync-premium-vesa-qg241y-pbiip;23.8;165
Monitor Gamer BenQ Zowie XL2566K 24.5 Full HD, 360Hz, 1ms, HDMI e DisplayPort, Tecnologia DyAc - 9H.LKRLB.QBL;R$ 6.399,90;https://www.kabum.com.br/produto/471610/monitor-gamer-benq-zowie-xl2566k-24-5-full-hd-360hz-1ms-hdmi-e-displayport-tecnologia-dyac-9h-lkrlb-qbl;;360
"Monitor Gamer Rise Mode 24"" Full HD, 165hz, IPS, Preto, DisplayPort e VGA, sRGB 99%, Suporte Vesa - RM-MOG-24F165FH-B";R$ 899,99;https://www.kabum.com.br/produto/515038/monitor-gamer-rise-mode-24-full-hd-165hz-ips-preto-displayport-e-vga-srgb-99-suporte-vesa-rm-mog-24f165fh-b;24;165
"Monitor Gamer Curvo Philco 32"", 165Hz, Full HD, 1ms, DisplayPort e HDMI, HDR 10, FreeSync - PMG32C900FG";R$ 1.422,99;https://www.kabum.com.br/produto/347955/monitor-gamer-curvo-philco-32-165hz-full-hd-1ms-displayport-e-hdmi-hdr-10-freesync-pmg32c900fg;32;165
Monitor Gamer Samsung Odyssey Neo G9, 57p, Tela Curva Super Ultrawide, 240Hz, FreeSync Premium Pro;R$ 16.672,73;https://www.kabum.com.br/produto/510156/monitor-gamer-samsung-odyssey-neo-g9-57p-tela-curva-super-ultrawide-240hz-freesync-premium-pro;;240
"Monitor Gamer Curvo Samsung Odyssey Ark 55"", 165Hz, 4K, 1ms, DisplayPort e HDMI, FreeSync Premium, Ajuste de Altura - LS55BG970NLXZD";R$ 17.999,99;https://www.kabum.com.br/produto/390500/monitor-gamer-curvo-samsung-odyssey-ark-55-165hz-4k-1ms-displayport-e-hdmi-freesync-premium-ajuste-de-altura-ls55bg970nlxzd;55;165
"Monitor Gamer LG UltraGear OLED 27"", 240Hz, QHD, 0.03ms, DisplayPort e HDMI, AMD FreeSync Premium, NVIDIA G-SYNC, HDR10 - 27GR95QE-B";R$ 6.035,99;https://www.kabum.com.br/produto/522518/monitor-gamer-lg-ultragear-oled-27-240hz-qhd-0-03ms-displayport-e-hdmi-amd-freesync-premium-nvidia-g-sync-hdr10-27gr95qe-b;27;240
"Monitor Gamer Husky Avalanche 27"", Wide, 144Hz, Full HD, 1ms, IPS, DisplayPort e HDMI, Adaptive Sync, Som Integrado, Preto - HGMT004";R$ 1.899,99;https://www.kabum.com.br/produto/135274/monitor-gamer-husky-avalanche-27-wide-144hz-full-hd-1ms-ips-displayport-e-hdmi-adaptive-sync-som-integrado-preto-hgmt004;27;144
"Monitor Gamer LG 24"" Full HD, IPS, 100Hz, 5ms, HDMI, Preto - 24MS500-B";R$ 749,99;https://www.kabum.com.br/produto/636041/monitor-gamer-lg-24-full-hd-ips-100hz-5ms-hdmi-preto-24ms500-b;24;100
"Monitor Gamer AsRock 27"", 100Hz, Full HD, 1ms, IPS, HDMI e VGA, FreeSync, 99% sRGB - CL27FF";R$ 989,99;https://www.kabum.com.br/produto/514499/monitor-gamer-asrock-27-100hz-full-hd-1ms-ips-hdmi-e-vga-freesync-99-srgb-cl27ff;27;100
"Monitor Gamer Curvo Gigabyte 27"", 165Hz, Full HD, 1ms, DisplayPort e HDMI, FreeSync, Altura Ajustável - G27FC-A-SA";R$ 1.499,97;https://www.kabum.com.br/produto/189365/monitor-gamer-curvo-gigabyte-27-165hz-full-hd-1ms-displayport-e-hdmi-freesync-altura-ajustavel-g27fc-a-sa;27;165
"Monitor Gamer Acer 23.8"", 75Hz, Full HD, 1ms, HDMI e VGA, Ajuste de Ângulo, FreeSync, VESA - CB242Y";R$ 799,99;https://www.kabum.com.br/produto/381310/monitor-gamer-acer-23-8-75hz-full-hd-1ms-hdmi-e-vga-ajuste-de-angulo-freesync-vesa-cb242y;23.8;75
"Monitor Gamer AOC 27"", 155hz, QHD, 1ms, DisplayPort e HDMI, FreeSync Premium, 121.5% sRGB, VESA - Q27G2";R$ 1.487,00;https://www.kabum.com.br/produto/471887/monitor-gamer-aoc-27-155hz-qhd-1ms-displayport-e-hdmi-freesync-premium-121-5-srgb-vesa-q27g2;27;155
Monitor Gamer Samsung Odyssey G3 27” Fhd, Tela Plana, Painel Va, 180hz, 1ms, Has, HDMI, Dp, Freesync Preto;R$ 1.329,05;https://www.kabum.com.br/produto/624928/monitor-gamer-samsung-odyssey-g3-27-fhd-tela-plana-painel-va-180hz-1ms-has-hdmi-dp-freesync-preto;27;180
Monitor Acer Gamer Nitro 27” Monitor Acer Gamer Nitro 27” LED Va Full Hd 100hz 1ms Ed273 Hbmiix;R$ 999,00;https://www.kabum.com.br/produto/638376/monitor-acer-gamer-nitro-27-monitor-acer-gamer-nitro-27-led-va-full-hd-100hz-1ms-ed273-hbmiix;27;100
"Monitor Gamer Aoc Hero Quad 27"" 155hz Qhd 1440p 1ms Amd Freesync Q27g2";R$ 1.349,10;https://www.kabum.com.br/produto/541849/monitor-gamer-aoc-hero-quad-27-155hz-qhd-1440p-1ms-amd-freesync-q27g2;27;155
Monitor Gamer Asus ROG Swift 49' LED, Ultra Wide, 144 Hz, DFHD, FreeSync Premium, HDR 10, 100% sRGB, HDMI/DisplayPort, Som - XG49VQ;R$ 7.599,99;https://www.kabum.com.br/produto/103167/monitor-gamer-asus-rog-swift-49-led-ultra-wide-144-hz-dfhd-freesync-premium-hdr-10-100-srgb-hdmi-displayport-som-xg49vq;49;144
"Monitor Gamer PCYes Curvo O-CREED O60 27"", 165Hz, Full HD, 1ms, DisplayPort e HDMI, FreeSync - PMGC270FD165";R$ 1.049,99;https://www.kabum.com.br/produto/534293/monitor-gamer-pcyes-curvo-o-creed-o60-27-165hz-full-hd-1ms-displayport-e-hdmi-freesync-pmgc270fd165;27;165
"Monitor Gamer Cooler Master 27"", 165Hz, Full HD, 0.5ms, DisplayPort e HDMI, DCI-P3 90%, HDR - CMI-GM27-FFS-BR";R$ 1.299,99;https://www.kabum.com.br/produto/378063/monitor-gamer-cooler-master-27-165hz-full-hd-0-5ms-displayport-e-hdmi-dci-p3-90-hdr-cmi-gm27-ffs-br;27;165
Monitor Asus Rog Swift 47.5 OLED, 138Hz, 0,1ms, HDMI e DisplayPort, 133% sRGB, HDR, G-Sync, Som Integrado, VESA - PG48UQ;R$ 8.119,89;https://www.kabum.com.br/produto/406125/monitor-asus-rog-swift-47-5-oled-138hz-0-1ms-hdmi-e-displayport-133-srgb-hdr-g-sync-som-integrado-vesa-pg48uq;;138
Monitor Gamer LED 17’’ 5ms 60 Hz HDMI Vga Fhd Controle Luz Azul;R$ 329,71;https://www.kabum.com.br/produto/624540/monitor-gamer-led-17-5ms-60-hz-hdmi-vga-fhd-controle-luz-azul;;60
"Monitor Gamer Acer Nitro KG273 G0bi 27"" LED IPS, Full HD, 120Hz, 1ms, HDMI e VGA, Adaptive-Sync - UM.HX3AA.005";R$ 899,99;https://www.kabum.com.br/produto/631011/monitor-gamer-acer-nitro-kg273-g0bi-27-led-ips-full-hd-120hz-1ms-hdmi-e-vga-adaptive-sync-um-hx3aa-005;27;120
"Monitor Gamer Samsung Odyssey G8 34"", 175Hz, QHD, 0.1ms, DisplayPort, HDMI e USB-C, FreeSync Premium, HDR, VESA - LS34BG850SLXZD";R$ 8.999,99;https://www.kabum.com.br/produto/405438/monitor-gamer-samsung-odyssey-g8-34-175hz-qhd-0-1ms-displayport-hdmi-e-usb-c-freesync-premium-hdr-vesa-ls34bg850slxzd;34;175
"Monitor Gamer Curvo Philco 27"", 165Hz, Full HD, 1ms, DisplayPort e HDMI, FreeSync, HDR 10 - PMG27C900FG";R$ 1.355,00;https://www.kabum.com.br/produto/351755/monitor-gamer-curvo-philco-27-165hz-full-hd-1ms-displayport-e-hdmi-freesync-hdr-10-pmg27c900fg;27;165
"Monitor Gamer LG 29"" 2560 x 1080 FULL HD, 75hz, 1MS, IPS, HDMI, DISPLAY PORT, Freesync, Som Integrado - Ultrawide";R$ 1.371,99;https://www.kabum.com.br/produto/119639/monitor-gamer-lg-29-2560-x-1080-full-hd-75hz-1ms-ips-hdmi-display-port-freesync-som-integrado-ultrawide;29;75
"Monitor Gamer Curvo LG Ultragear 45"" Oled WQHD, 240Hz 0,03ms, HDMI, Dp, Ips Hdr10 Freesync, Premium, Preto - 45gr95qe-b";R$ 9.449,90;https://www.kabum.com.br/produto/530049/monitor-gamer-curvo-lg-ultragear-45-oled-wqhd-240hz-0-03ms-hdmi-dp-ips-hdr10-freesync-premium-preto-45gr95qe-b;45;240
Monitor Gamer 28 4K Acer Nitro, 60Hz, 4ms, IPS, HDMI, DisplayPort, FreeSync - KG282K;R$ 2.506,00;https://www.kabum.com.br/produto/199139/monitor-gamer-28-4k-acer-nitro-60hz-4ms-ips-hdmi-displayport-freesync-kg282k;;60
Samsung Smart Monitor M8 32” 2024 4k, Tela Plana, Painel Va, 60hz, Has, 4ms,smart Hub, Gaming Hub, Airplay Branco;R$ 3.930,63;https://www.kabum.com.br/produto/590495/samsung-smart-monitor-m8-32-2024-4k-tela-plana-painel-va-60hz-has-4ms-smart-hub-gaming-hub-airplay-branco;32;60
"Monitor Gamer Curvo Concórdia, 27"" LED FULL HD, 200hz, 1ms, HDMI, DP, DVI - Cz270f200";R$ 1.169,15;https://www.kabum.com.br/produto/422025/monitor-gamer-curvo-concordia-27-led-full-hd-200hz-1ms-hdmi-dp-dvi-cz270f200;27;200
Monitor Gamer Ultrawide Safe Gamer 30 Pol WFULL HD 200hz 1ms HDMI Dp Va Adaptive-sync Preto;R$ 1.979,10;https://www.kabum.com.br/produto/625404/monitor-gamer-ultrawide-safe-gamer-30-pol-wfull-hd-200hz-1ms-hdmi-dp-va-adaptive-sync-preto;;200
Monitor Gamer Goldentec, 24 Polegadas, LED, Full HD, 75hz 1ms;R$ 809,90;https://www.kabum.com.br/produto/486610/monitor-gamer-goldentec-24-polegadas-led-full-hd-75hz-1ms;;75
"Monitor Gamer Curvo HQ 24"" LED, RGB, Full HD, 75Hz, 1ms, HDMI, Borda Ultra Fina, Pink - 24GHQ-PI";R$ 949,99;https://www.kabum.com.br/produto/319760/monitor-gamer-curvo-hq-24-led-rgb-full-hd-75hz-1ms-hdmi-borda-ultra-fina-pink-24ghq-pi;24;75
"Monitor Gamer Aorus 43"", 144Hz, 4K, 1ms, HDR, DisplayPort, HDMI e USB-C, Quantum Dot, 97% DCI-P3, Preto - FV43U";R$ 6.999,99;https://www.kabum.com.br/produto/159230/monitor-gamer-aorus-43-144hz-4k-1ms-hdr-displayport-hdmi-e-usb-c-quantum-dot-97-dci-p3-preto-fv43u;43;144
Monitor Asus ROG Swift 27, 360Hz, 1ms, HDMI e DisplayPort, 135% sRGB, HDR, G-Sync, Altura Ajustável, VESA - PG27AQN;R$ 7.699,99;https://www.kabum.com.br/produto/406128/monitor-asus-rog-swift-27-360hz-1ms-hdmi-e-displayport-135-srgb-hdr-g-sync-altura-ajustavel-vesa-pg27aqn;;360
"Monitor Gamer Curvo ASUS TUF 23.6"", 165Hz, Full HD, 1ms, DisplayPort e HDMI, Adaptive Sync, VESA, Preto - VG24VQE";R$ 2.099,99;https://www.kabum.com.br/produto/148835/monitor-gamer-curvo-asus-tuf-23-6-165hz-full-hd-1ms-displayport-e-hdmi-adaptive-sync-vesa-preto-vg24vqe;23.6;165
Monitor Gamer Duex, 27 Polegadas FULL HD Ips, 1ms, 240hz, Freesync, HDMI,display Port - DX270ZGP;R$ 1.808,29;https://www.kabum.com.br/produto/483483/monitor-gamer-duex-27-polegadas-full-hd-ips-1ms-240hz-freesync-hdmi-display-port-dx270zgp;;240
Monitor Gamer Lg 22mp410-b, 21.5 Polegadas, FULL HD, 75hz, HDMI Freesync;R$ 740,08;https://www.kabum.com.br/produto/472176/monitor-gamer-lg-22mp410-b-21-5-polegadas-full-hd-75hz-hdmi-freesync;;75
Monitor Gamer Acer Predator 27' IPS, 240 Hz, Full HD, 1ms, G-Sync, HDR 400, 99% sRGB, HDMI/DisplayPort, VESA, Som Integrado - XB273 GX;R$ 3.599,91;https://www.kabum.com.br/produto/135963/monitor-gamer-acer-predator-27-ips-240-hz-full-hd-1ms-g-sync-hdr-400-99-srgb-hdmi-displayport-vesa-som-integrado-xb273-gx;27;240
Monitor Gamer Aoc Viper 24 165hz 1ms;R$ 999,99;https://www.kabum.com.br/produto/587959/monitor-gamer-aoc-viper-24-165hz-1ms;;165
Monitor Curvo LED 27” Ips Borda Fina Full Hd Gamer Ajustável Visão Ampla;R$ 811,49;https://www.kabum.com.br/produto/624523/monitor-curvo-led-27-ips-borda-fina-full-hd-gamer-ajustavel-visao-ampla;27;
Monitor Gamer AOC 24 Polegadas, Full HD, 75hz, 1ms, IPS, HDMI, VGA, Freesync, Preto E Vermelho - 24g2he5;R$ 891,00;https://www.kabum.com.br/produto/171132/monitor-gamer-aoc-24-polegadas-full-hd-75hz-1ms-ips-hdmi-vga-freesync-preto-e-vermelho-24g2he5;;75
Monitor Gamer Gigabyte 28 Polegadas, Uhd, M28u Ae Sa Pivot, Vesa, 144HZ, HDMI, DP, USB Tipo-c;R$ 5.001,45;https://www.kabum.com.br/produto/502837/monitor-gamer-gigabyte-28-polegadas-uhd-m28u-ae-sa-pivot-vesa-144hz-hdmi-dp-usb-tipo-c;;
Monitor Acer Gamer Predator 27 Pol. IPS, FHD, 280Hz 1Ms, HDMI + DisplayPort, HDR400 G-Sync - Xb273 Gz;R$ 2.769,30;https://www.kabum.com.br/produto/402278/monitor-acer-gamer-predator-27-pol-ips-fhd-280hz-1ms-hdmi-displayport-hdr400-g-sync-xb273-gz;;280
"Monitor Gamer Gigabyte LED 27"", 144Hz, Full HD, 1ms, IPS, DisplayPort e HDMI, FreeSync, Altura Ajustável, Preto - G27F-SA";R$ 2.399,99;https://www.kabum.com.br/produto/115579/monitor-gamer-gigabyte-led-27-144hz-full-hd-1ms-ips-displayport-e-hdmi-freesync-altura-ajustavel-preto-g27f-sa;27;144
Monitor Gaming LED 24” 5ms 60hz Full Hd Controle Luz Azul Bivolt;R$ 513,14;https://www.kabum.com.br/produto/624525/monitor-gaming-led-24-5ms-60hz-full-hd-controle-luz-azul-bivolt;24;60
"Monitor Gamer Acer Nitro 34"" Ultrawide Qhd Curvo Ed340cu Hbiipx 100hz 1ms";R$ 2.428,20;https://www.kabum.com.br/produto/631701/monitor-gamer-acer-nitro-34-ultrawide-qhd-curvo-ed340cu-hbiipx-100hz-1ms;34;100
"Monitor Gamer Curvo ViewSonic Omni 27"", 165Hz, Full HD, 1ms, DisplayPort e HDMI, 102% sRGB, FreeSync Premium, Som Integrado - VX2718";R$ 1.399,99;https://www.kabum.com.br/produto/383048/monitor-gamer-curvo-viewsonic-omni-27-165hz-full-hd-1ms-displayport-e-hdmi-102-srgb-freesync-premium-som-integrado-vx2718;27;165
Monitor Gamer Redragon Mirror, Tela de 27 Polegadas FHD, 165HZ, LED, HDMI - GM27X5IPS;R$ 1.329,81;https://www.kabum.com.br/produto/511183/monitor-gamer-redragon-mirror-tela-de-27-polegadas-fhd-165hz-led-hdmi-gm27x5ips;;
Monitor Gamer Gigabyte, 34 Polegadas, 144HZ, 1MS, FULL HD, HDMI/displayport, Curvo 1500r, Flicker Free, Vesa - G34wqc-sa;R$ 3.513,45;https://www.kabum.com.br/produto/497761/monitor-gamer-gigabyte-34-polegadas-144hz-1ms-full-hd-hdmi-displayport-curvo-1500r-flicker-free-vesa-g34wqc-sa;;
Monitor Gamer Lg Ultragear OLED Tela OLED 27” Qhd Hdr400 True Black 1.5m:1 240hz 0,03ms (gtg) Nvidia G-sync – 27gs95qe-b;R$ 6.053,28;https://www.kabum.com.br/produto/617866/monitor-gamer-lg-ultragear-oled-tela-oled-27-qhd-hdr400-true-black-1-5m-1-240hz-0-03ms-gtg-nvidia-g-sync-27gs95qe-b;27;240
Monitor Gamer Acer Nitro XV275K Y 27” Ultra HD, 4K, IPS, UHD, 135Hz, 4ms, HDR 400;R$ 3.269,00;https://www.kabum.com.br/produto/580475/monitor-gamer-acer-nitro-xv275k-y-27-ultra-hd-4k-ips-uhd-135hz-4ms-hdr-400;27;135
"Monitor Gamer Gigabyte 31"", 170Hz, QHD, 1ms, DisplayPort e HDMI, 109% sRGB, HDR, Adaptive-Sync - GS32QC SA";R$ 1.999,99;https://www.kabum.com.br/produto/495225/monitor-gamer-gigabyte-31-170hz-qhd-1ms-displayport-e-hdmi-109-srgb-hdr-adaptive-sync-gs32qc-sa;31;170
Monitor Gamer AOC Agon Pro 24.5 Full HD, 360Hz, IPS, 1ms, HDMI/DisplayPort, G-Sync, HDR 400, 120% sRGB, Som Integrado, Preto - AG254FG;R$ 5.899,99;https://www.kabum.com.br/produto/373508/monitor-gamer-aoc-agon-pro-24-5-full-hd-360hz-ips-1ms-hdmi-displayport-g-sync-hdr-400-120-srgb-som-integrado-preto-ag254fg;;360
Monitor Gamer Multi Warrior Kaizen 27 Polegadas, Full HD IPS, 144Hz, 1ms, HDMI e DisplayPort, FreeSync - MN201;R$ 1.136,59;https://www.kabum.com.br/produto/320075/monitor-gamer-multi-warrior-kaizen-27-polegadas-full-hd-ips-144hz-1ms-hdmi-e-displayport-freesync-mn201;;144
Monitor Gamer Multi Shin Kai 24 Polegadas 23.8 Polegadas Full HD (1920x1080), 1ms, Curvo, 165hz - Mn103;R$ 1.131,99;https://www.kabum.com.br/produto/315621/monitor-gamer-multi-shin-kai-24-polegadas-23-8-polegadas-full-hd-1920x1080-1ms-curvo-165hz-mn103;;165
"Monitor Gamer Curvo Samsung Odyssey 49"" DQHD, Série G9, 240Hz, 1Ms, HDMI + DP, G-sync, Freesync - Lc49g95tsslxzd";R$ 12.599,91;https://www.kabum.com.br/produto/171203/monitor-gamer-curvo-samsung-odyssey-49-dqhd-serie-g9-240hz-1ms-hdmi-dp-g-sync-freesync-lc49g95tsslxzd;49;240
Monitor Gamer Acer 23.8 Polegadas Full HD, 165Hz, 1ms, HDR, FreeSync, HDMI e DisplayPort - QG241Y;R$ 1.401,39;https://www.kabum.com.br/produto/418701/monitor-gamer-acer-23-8-polegadas-full-hd-165hz-1ms-hdr-freesync-hdmi-e-displayport-qg241y;;165
Monitor Gamer Gigabyte 31.5 Polegadas, UHD, M32u Ae As Pivot, Vesa, 144HZ, HDMI, DP, USB Tipo-c;R$ 6.989,79;https://www.kabum.com.br/produto/502792/monitor-gamer-gigabyte-31-5-polegadas-uhd-m32u-ae-as-pivot-vesa-144hz-hdmi-dp-usb-tipo-c;;
Monitor Gamer Curvo 27 Full Hd 100hz Freesync HDMI - Branco;R$ 1.110,55;https://www.kabum.com.br/produto/632857/monitor-gamer-curvo-27-full-hd-100hz-freesync-hdmi-branco;;100
Monitor Cooler Master Ga271, 27 Polegadas, Wqhd, Va, Hdr10, 100hz, 1ms, Srgb;R$ 1.334,39;https://www.kabum.com.br/produto/502538/monitor-cooler-master-ga271-27-polegadas-wqhd-va-hdr10-100hz-1ms-srgb;;100
"Monitor Gamer 27"" Bluecase, 144Hz, Full HD, HDMI/DP - BM277GW";R$ 2.214,79;https://www.kabum.com.br/produto/174108/monitor-gamer-27-bluecase-144hz-full-hd-hdmi-dp-bm277gw;27;144
"Monitor Gamer LG, 27"" Full HD, 240Hz, 1ms, IPS, DisplayPort, HDMI, USB, HDR10, Freesync, sRGB - 27GN750-B.AWZ";R$ 1.731,45;https://www.kabum.com.br/produto/319387/monitor-gamer-lg-27-full-hd-240hz-1ms-ips-displayport-hdmi-usb-hdr10-freesync-srgb-27gn750-b-awz;27;240
Monitor Gamer Redragon Aquamarine 27 Polegadas, Full HD, 165hz, 1ms, HDMI e DisplayPort, FreeSync - GM27H2G;R$ 1.349,10;https://www.kabum.com.br/produto/395189/monitor-gamer-redragon-aquamarine-27-polegadas-full-hd-165hz-1ms-hdmi-e-displayport-freesync-gm27h2g;;165
Monitor Redragon, Ruby, Led, 144hz, Full HD - GM3CC238;R$ 1.156,11;https://www.kabum.com.br/produto/135182/monitor-redragon-ruby-led-144hz-full-hd-gm3cc238;;144
Monitor Gamer Delta 23.8 Polegadas Led, 60/75HZ, HDMI, Full HD, VGA - Bivolt;R$ 591,05;https://www.kabum.com.br/produto/503438/monitor-gamer-delta-23-8-polegadas-led-60-75hz-hdmi-full-hd-vga-bivolt;;
"Monitor Gamer BenQ MOBIUZ EX2710S, 27"", 165Hz, Full HD, 1ms, IPS, DisplayPort e HDMI, FreeSync Premium, HDRi, Color Vibrance, Black eQualizer";R$ 2.699,90;https://www.kabum.com.br/produto/467089/monitor-gamer-benq-mobiuz-ex2710s-27-165hz-full-hd-1ms-ips-displayport-e-hdmi-freesync-premium-hdri-color-vibrance-black-equalizer;27;165
"Monitor Curvo LED Brazilpc 24"" Full Hd 75hz Branco";R$ 735,90;https://www.kabum.com.br/produto/646637/monitor-curvo-led-brazilpc-24-full-hd-75hz-branco;24;75
"Monitor Gamer 3geen 24"", LED Full HD, 75Hz, 1Ms, HDMI, Preto E Vermelho - M2403g-Led";R$ 548,79;https://www.kabum.com.br/produto/506582/monitor-gamer-3geen-24-led-full-hd-75hz-1ms-hdmi-preto-e-vermelho-m2403g-led;24;75
"Suporte De Mesa Bluecase, Articulado, Com Pistão, Para Dois Monitores Até 32"", Bsmtg02-2";R$ 299,90;https://www.kabum.com.br/produto/579281/suporte-de-mesa-bluecase-articulado-com-pistao-para-dois-monitores-ate-32-bsmtg02-2;32;
"Monitor Gamer Acer XV275K, 27"" 4K, IPS, DisplayPort e HDMI, Adaptive Sync - UM.HX5AA.002";R$ 2.399,99;https://www.kabum.com.br/produto/523152/monitor-gamer-acer-xv275k-27-4k-ips-displayport-e-hdmi-adaptive-sync-um-hx5aa-002;27;
"Monitor Gamer AOC Porsche Design 27"", 240Hz, QHD, 0.5ms, DisplayPort e HDMI, FreeSync Premium Pro, HDR 400, 119% sRGB, Preto e Prata - PD27";R$ 5.499,99;https://www.kabum.com.br/produto/373506/monitor-gamer-aoc-porsche-design-27-240hz-qhd-0-5ms-displayport-e-hdmi-freesync-premium-pro-hdr-400-119-srgb-preto-e-prata-pd27;27;240
"Monitor Gamer ASUS TUF 24.5"", 165Hz, Full HD, 1ms, IPS, DisplayPort e HDMI, Adaptive Sync, Ajuste de Altura, Som Integrado, VESA - VG259QR";R$ 2.143,99;https://www.kabum.com.br/produto/148833/monitor-gamer-asus-tuf-24-5-165hz-full-hd-1ms-ips-displayport-e-hdmi-adaptive-sync-ajuste-de-altura-som-integrado-vesa-vg259qr;24.5;165
Monitor Gamer Samsung Odyssey OLED G9 49” Dqhd, Tela Curva Ultrawide, Painel OLED, 240hz, 0.03ms, Hdr10+, Has, Micro HDMI, Dp, Usb Hub Silver;R$ 10.499,00;https://www.kabum.com.br/produto/602366/monitor-gamer-samsung-odyssey-oled-g9-49-dqhd-tela-curva-ultrawide-painel-oled-240hz-0-03ms-hdr10-has-micro-hdmi-dp-usb-hub-silver;49;240
Monitor Gamer Redragon Pearl, 23.6 Polegadas, 165hz, Curvo, LED, FHD, HDMI - Gm24g3c;R$ 1.119,00;https://www.kabum.com.br/produto/509606/monitor-gamer-redragon-pearl-23-6-polegadas-165hz-curvo-led-fhd-hdmi-gm24g3c;;165
"Monitor Gamer Curvo Acer Ultra Wide Nitro ED0 ED340CU H 34"", QHD, 100Hz, 1ms, HDMI, Displayport, Adaptive Sync, HDR10, Preto - UM.CE0AA.H01";R$ 2.399,99;https://www.kabum.com.br/produto/636901/monitor-gamer-curvo-acer-ultra-wide-nitro-ed0-ed340cu-h-34-qhd-100hz-1ms-hdmi-displayport-adaptive-sync-hdr10-preto-um-ce0aa-h01;34;100
"Monitor Gamer Curvo Samsung Odyssey, 49"" Oled Wqhd, Ultrawide, 240Hz, 0.03Ms, FreeSync Premium Pro, G-Sync - Ls49cg930slxzd.";R$ 13.279,90;https://www.kabum.com.br/produto/510155/monitor-gamer-curvo-samsung-odyssey-49-oled-wqhd-ultrawide-240hz-0-03ms-freesync-premium-pro-g-sync-ls49cg930slxzd-;49;240
"Monitor Gamer Samsung Odyssey OLED G8 32"", 4K, 240Hz, 0,03ms - LS32DG800SLXZD";R$ 9.999,99;https://www.kabum.com.br/produto/631397/monitor-gamer-samsung-odyssey-oled-g8-32-4k-240hz-0-03ms-ls32dg800slxzd;32;240
"Monitor Gamer Curvo Cooler Master 27"", 240Hz, Full HD, 0.5ms, DisplayPort e HDMI, 98% DCI-P3, HDR, Adaptive Sync - CMI-GM27-CFX-BR";R$ 2.099,99;https://www.kabum.com.br/produto/378056/monitor-gamer-curvo-cooler-master-27-240hz-full-hd-0-5ms-displayport-e-hdmi-98-dci-p3-hdr-adaptive-sync-cmi-gm27-cfx-br;27;240
Monitor Gamer Asus Tuf Gaming 27”, FULL HD, 165hz Va HDMI Displayport - Vg277q1a;R$ 1.463,73;https://www.kabum.com.br/produto/538944/monitor-gamer-asus-tuf-gaming-27-full-hd-165hz-va-hdmi-displayport-vg277q1a;27;165
Monitor Gamer Curvo Bright 27p, Full HD, 165Hz, 1Ms, HDMI/VGA, Preto;R$ 1.210,00;https://www.kabum.com.br/produto/508681/monitor-gamer-curvo-bright-27p-full-hd-165hz-1ms-hdmi-vga-preto;;165
Monitor Gamer Samsung 24Pol, Full HD, 144 Hz, 1MS, HDMI, Display Port, VGA, Freesync Premium, Regulagem De Altura - Lf24g35tfwlxzd;R$ 1.816,19;https://www.kabum.com.br/produto/232252/monitor-gamer-samsung-24pol-full-hd-144-hz-1ms-hdmi-display-port-vga-freesync-premium-regulagem-de-altura-lf24g35tfwlxzd;;144
Monitor Gamer Redragon Quartz 24 Polegadas, Full HD, 165hz, 1ms, HDMI e Displayport, Freesync - GM24H2G;R$ 1.156,11;https://www.kabum.com.br/produto/395188/monitor-gamer-redragon-quartz-24-polegadas-full-hd-165hz-1ms-hdmi-e-displayport-freesync-gm24h2g;;165
"Monitor Gamer PCyes 31.5"" Z-max Z10, FULL HD, 240HZ, 1ms, Displayport HDMI Va Freesync - Pmg320fd240";R$ 1.744,59;https://www.kabum.com.br/produto/585840/monitor-gamer-pcyes-31-5-z-max-z10-full-hd-240hz-1ms-displayport-hdmi-va-freesync-pmg320fd240;31.5;
Monitor Gamer Samsung Odyssey Ark, 55p, 2nd Gen 4K, Tela Curva, 165Hz, 1Ms, FreeSync Premium Pro;R$ 18.869,40;https://www.kabum.com.br/produto/514166/monitor-gamer-samsung-odyssey-ark-55p-2nd-gen-4k-tela-curva-165hz-1ms-freesync-premium-pro;;165
Monitor 31,5'' LG Uhd 4k Com Hdr10 E Amd Freesynct - 32un500;R$ 2.834,99;https://www.kabum.com.br/produto/162939/monitor-31-5-lg-uhd-4k-com-hdr10-e-amd-freesynct-32un500;5;
"Suporte Elg Articulado De Mesa Para 2 Monitores De 15"" A 27"" - F50d2.";R$ 377,00;https://www.kabum.com.br/produto/386381/suporte-elg-articulado-de-mesa-para-2-monitores-de-15-a-27-f50d2-;15;
"Monitor Gamer Curvo HQ 24"", 165 Hz, Full HD, 1ms, DisplayPort e HDMI, FreeSync, sRGB, Som Integrado, Rosa - 24GHQ-PINKsRGB";R$ 1.299,99;https://www.kabum.com.br/produto/319755/monitor-gamer-curvo-hq-24-165-hz-full-hd-1ms-displayport-e-hdmi-freesync-srgb-som-integrado-rosa-24ghq-pinksrgb;24;165
Monitor Gamer Cooler Master 23.8 Pol. Full HD (1920x1080), 0.5MS, 144Hz, IPS, HDMI, Hdr10, Vesa - Gm238-Ffs;R$ 1.259,90;https://www.kabum.com.br/produto/481028/monitor-gamer-cooler-master-23-8-pol-full-hd-1920x1080-0-5ms-144hz-ips-hdmi-hdr10-vesa-gm238-ffs;;144
"Monitor Gamer Gigabyte 27"", 175Hz, QHD, 0.5ms, IPS, DisplayPort e HDMI, HDR, 140% sRGB, FreeSync Premium, VESA - M27Q-SA";R$ 2.999,99;https://www.kabum.com.br/produto/415825/monitor-gamer-gigabyte-27-175hz-qhd-0-5ms-ips-displayport-e-hdmi-hdr-140-srgb-freesync-premium-vesa-m27q-sa;27;175
Monitor Gamer BenQ 24 Polegadas, Full HD, 144Hz, 1Ms, DisplayPort e HDMI, Altura Ajustável - XL2411K;R$ 1.985,99;https://www.kabum.com.br/produto/244572/monitor-gamer-benq-24-polegadas-full-hd-144hz-1ms-displayport-e-hdmi-altura-ajustavel-xl2411k;;144
"Monitor Gamer Borda Infinita LED 27"" Fhd Painel Ips Visão Expansiva";R$ 1.123,67;https://www.kabum.com.br/produto/636942/monitor-gamer-borda-infinita-led-27-fhd-painel-ips-visao-expansiva;27;
Monitor Duex Dx 238xf, 23.8 Polegadas, Eled Ips, FULL HD, 60hz;R$ 769,90;https://www.kabum.com.br/produto/530595/monitor-duex-dx-238xf-23-8-polegadas-eled-ips-full-hd-60hz;;60
"Monitor Samsung UR55, 28"", UHD, Tela Plana, 60Hz, 4Ms, HDMI, FreeSync, HDR, Game Mode";R$ 1.599,00;https://www.kabum.com.br/produto/158398/monitor-samsung-ur55-28-uhd-tela-plana-60hz-4ms-hdmi-freesync-hdr-game-mode;28;60
Monitor Gamer Gigabyte 27Polegadas, 1ms Gtg 165 Hz Freesync - M27FA;R$ 2.220,75;https://www.kabum.com.br/produto/461840/monitor-gamer-gigabyte-27polegadas-1ms-gtg-165-hz-freesync-m27fa;;165
Monitor Gamer Lg Ultragear 27 Polegadas,FULL HdD144hz 1ms Ips, HDMI e Displayport;R$ 1.538,59;https://www.kabum.com.br/produto/467943/monitor-gamer-lg-ultragear-27-polegadas-full-hdd144hz-1ms-ips-hdmi-e-displayport;;144
"Monitor Gamer Duex Dx240g, Ips FULL HD, 24"", 165hz HDMI/dp - Dx240g";R$ 939,55;https://www.kabum.com.br/produto/519013/monitor-gamer-duex-dx240g-ips-full-hd-24-165hz-hdmi-dp-dx240g;24;165
Monitor Gamer Brazilpc 23.8 Full HD, 180Hz, Curvo, R1500, Preto;R$ 853,90;https://www.kabum.com.br/produto/583220/monitor-gamer-brazilpc-23-8-full-hd-180hz-curvo-r1500-preto;;180
"Monitor Gamer Duex Dx315g 31.5"", Ips, Full Hd, 360hz, 1ms, Freesync, Preto";R$ 2.763,59;https://www.kabum.com.br/produto/570164/monitor-gamer-duex-dx315g-31-5-ips-full-hd-360hz-1ms-freesync-preto;31.5;360
Monitor Gamer Samsung Odyssey OLED G6 27” Qhd, Tela Flat, Painel OLED, 360hz,auto Source Switch+, Freesync Premium Pro Prata;R$ 6.998,95;https://www.kabum.com.br/produto/590496/monitor-gamer-samsung-odyssey-oled-g6-27-qhd-tela-flat-painel-oled-360hz-auto-source-switch-freesync-premium-pro-prata;27;360
Monitor Gamer Alltek 21.5 LED Fhd HDMI 100hz Mnt-atk125;R$ 637,23;https://www.kabum.com.br/produto/640433/monitor-gamer-alltek-21-5-led-fhd-hdmi-100hz-mnt-atk125;;100
Monitor Gamer 27'', Gigabyte G27fc-a-sa, Curvo, Full HD, 165hz, 1ms, Freesync - Hdmi/displayport;R$ 1.927,80;https://www.kabum.com.br/produto/324023/monitor-gamer-27-gigabyte-g27fc-a-sa-curvo-full-hd-165hz-1ms-freesync-hdmi-displayport;27;165
Monitor Gamer Asus Tuf Gaming 23.8 LED FHD, 165hz, 1ms, DP, HDMI, Freesync, Alto-Falante 2Wx2 - Vg247q1a;R$ 1.207,45;https://www.kabum.com.br/produto/355991/monitor-gamer-asus-tuf-gaming-23-8-led-fhd-165hz-1ms-dp-hdmi-freesync-alto-falante-2wx2-vg247q1a;;165
Monitor Gamer 32 Curvo 2.5k QHD, 165Hz, Freesyng Gsync, Gamemax;R$ 5.305,86;https://www.kabum.com.br/produto/133430/monitor-gamer-32-curvo-2-5k-qhd-165hz-freesyng-gsync-gamemax;;165
Monitor Gamer Dahua Ultrawide 30 Polegadas, WFHD, 1ms, 200HZ, DCR Inteligente Adaptive-sync, HDMI, Dp, Va, Preto - Dhi-lm30-e330ca;R$ 1.709,10;https://www.kabum.com.br/produto/512780/monitor-gamer-dahua-ultrawide-30-polegadas-wfhd-1ms-200hz-dcr-inteligente-adaptive-sync-hdmi-dp-va-preto-dhi-lm30-e330ca;;
"Monitor Gamer Cooler Master 27"", LCD Curvo, Widescreen, Full HD, HDMI, 165Hz, 3ms, FreeSync - GM27-CF";R$ 2.780,99;https://www.kabum.com.br/produto/348630/monitor-gamer-cooler-master-27-lcd-curvo-widescreen-full-hd-hdmi-165hz-3ms-freesync-gm27-cf;27;165
Monitor Gamer Redragon Thugga, Tela de 21.5 Polegadas FHD 75HZ, LED, HDMI, Preto - BM21V13;R$ 729,99;https://www.kabum.com.br/produto/511176/monitor-gamer-redragon-thugga-tela-de-21-5-polegadas-fhd-75hz-led-hdmi-preto-bm21v13;;
"Monitor Gamer LG Ultragear, 32"" LED, 165Hz, 1ms, DisplayPort, HDMI, G-Sync, SRGB - 32GN600-B";R$ 1.678,95;https://www.kabum.com.br/produto/444169/monitor-gamer-lg-ultragear-32-led-165hz-1ms-displayport-hdmi-g-sync-srgb-32gn600-b;32;165
"Monitor Msi, Optix, Curved 31.5"", Fhd 165hz - G32c4w";R$ 2.849,91;https://www.kabum.com.br/produto/440840/monitor-msi-optix-curved-31-5-fhd-165hz-g32c4w;31.5;165
Monitor Gamer Acer Nitro 31.5p Curvo, Full HD, 165Hz - Ed320qr S3biipx;R$ 1.859,91;https://www.kabum.com.br/produto/506583/monitor-gamer-acer-nitro-31-5p-curvo-full-hd-165hz-ed320qr-s3biipx;;165
Monitor Gamer Gigabyte, 32 Polegadas, 144hz, HDMI e DisplayPort, Curvo - M32uc;R$ 5.563,17;https://www.kabum.com.br/produto/468402/monitor-gamer-gigabyte-32-polegadas-144hz-hdmi-e-displayport-curvo-m32uc;;144
Monitor Gamer Redragon, 23Pol, Full HD, 144Hz, 1MS, IPS, HDMI, DP, VGA, Freesync - M2444ph;R$ 1.036,86;https://www.kabum.com.br/produto/298342/monitor-gamer-redragon-23pol-full-hd-144hz-1ms-ips-hdmi-dp-vga-freesync-m2444ph;;144
Monitor Gamer Bluecase 24 Polegadas Full HD, 144HZ, 1ms, HDMI e DisplayPort, FreeSync - BM242GW;R$ 1.401,39;https://www.kabum.com.br/produto/173797/monitor-gamer-bluecase-24-polegadas-full-hd-144hz-1ms-hdmi-e-displayport-freesync-bm242gw;;
Monitor Gamer Acer VG240Y FHD 165hz FreeSync ZeroFrame 0,5ms.;R$ 2.239,92;https://www.kabum.com.br/produto/132123/monitor-gamer-acer-vg240y-fhd-165hz-freesync-zeroframe-0-5ms-;;165
"Monitor Gamer AOC League of Legends 27"", 165Hz, QHD, 1ms, IPS, DisplayPort e HDMI, RGB, G-Sync, 129% sRGB, HDR, Preto e Amarelo - AG275QXL";R$ 3.799,90;https://www.kabum.com.br/produto/373510/monitor-gamer-aoc-league-of-legends-27-165hz-qhd-1ms-ips-displayport-e-hdmi-rgb-g-sync-129-srgb-hdr-preto-e-amarelo-ag275qxl;27;165
Monitor Gamer Samsung Odyssey G30 24” Full HD;R$ 989,10;https://www.kabum.com.br/produto/459198/monitor-gamer-samsung-odyssey-g30-24-full-hd;24;
Monitor Gamer Asus TUF 31.5' LED, 165 Hz, 2K QHD, 1ms, FreeSync Premium, HDR 10, 120% sRGB, HDMI/DisplayPort, VESA, Som Integrado - VG32VQ1B;R$ 2.791,90;https://www.kabum.com.br/produto/223104/monitor-gamer-asus-tuf-31-5-led-165-hz-2k-qhd-1ms-freesync-premium-hdr-10-120-srgb-hdmi-displayport-vesa-som-integrado-vg32vq1b;31.5;165
Monitor Gamer Benq Mobiuz Ex240n 23.8 Fhd Va 165hz 4ms Hdr HDMI Dp Freesync Alto-falante - 9h.ll6lb.qba;R$ 1.579,90;https://www.kabum.com.br/produto/633833/monitor-gamer-benq-mobiuz-ex240n-23-8-fhd-va-165hz-4ms-hdr-hdmi-dp-freesync-alto-falante-9h-ll6lb-qba;;165
Monitor Gamer Vxpro 19 Led Wsxga 60hz 5ms Hdmi Vga;R$ 358,55;https://www.kabum.com.br/produto/377005/monitor-gamer-vxpro-19-led-wsxga-60hz-5ms-hdmi-vga;;60
Monitor Gamer Gigabyte 32 Polegadas, IPS 144 HZ, 4k, UHD, 1ms, 144hz, HDMI, DP- M32u-sa;R$ 6.624,30;https://www.kabum.com.br/produto/502836/monitor-gamer-gigabyte-32-polegadas-ips-144-hz-4k-uhd-1ms-144hz-hdmi-dp-m32u-sa;;144
"Monitor Gamer PCYes O-CREED O50 27"", 165Hz, Full HD, 1ms, DisplayPort e HDMI, FreeSync - PMG270FD165AAP";R$ 938,90;https://www.kabum.com.br/produto/534294/monitor-gamer-pcyes-o-creed-o50-27-165hz-full-hd-1ms-displayport-e-hdmi-freesync-pmg270fd165aap;27;165
"Monitor Gamer Philips Evnia 34"" QD OLED Ultrawide QHD 175Hz, 0.1ms, RGB, DisplayPort e HDMI, HDR, Alto Falante, Branco - 34M2C8600";R$ 6.699,99;https://www.kabum.com.br/produto/630639/monitor-gamer-philips-evnia-34-qd-oled-ultrawide-qhd-175hz-0-1ms-rgb-displayport-e-hdmi-hdr-alto-falante-branco-34m2c8600;34;175
Monitor Duex Dx 315xf, 31.5 Polegadas, Led, FULL HD, 75hz;R$ 1.148,31;https://www.kabum.com.br/produto/530596/monitor-duex-dx-315xf-31-5-polegadas-led-full-hd-75hz;;75
Monitor Gamer Mitsushiba, 24 Polegadas, LED, 1920 x 1080, 60hz, Multimídia FHD, HDMI, VGA;R$ 898,00;https://www.kabum.com.br/produto/471635/monitor-gamer-mitsushiba-24-polegadas-led-1920-x-1080-60hz-multimidia-fhd-hdmi-vga;;60
"Monitor Gamer Curvo Cooler Master 34"", 165Hz, UWQHD, 1ms, DisplayPort e HDMI, 95% DCI-P3, HDR, FreeSync - CMI-GM34-CW2-BR";R$ 3.799,99;https://www.kabum.com.br/produto/378053/monitor-gamer-curvo-cooler-master-34-165hz-uwqhd-1ms-displayport-e-hdmi-95-dci-p3-hdr-freesync-cmi-gm34-cw2-br;34;165
Monitor Gamer Redragon, Full Hd 144hz, 1ms, Ips, HDMI, Dp, Vga, Freesync - M2444ph;R$ 1.499,99;https://www.kabum.com.br/produto/587424/monitor-gamer-redragon-full-hd-144hz-1ms-ips-hdmi-dp-vga-freesync-m2444ph;;144
"Monitor Gamer PCyes O-creed O50 27"" Full Hd Has E Pivot 165hz 1ms HDMI Dp Freesync - Pmg270fd165aap";R$ 2.087,88;https://www.kabum.com.br/produto/641730/monitor-gamer-pcyes-o-creed-o50-27-full-hd-has-e-pivot-165hz-1ms-hdmi-dp-freesync-pmg270fd165aap;27;165
"Monitor Prosmart 18.5"" LED Widescreen Standard";R$ 369,00;https://www.kabum.com.br/produto/574732/monitor-prosmart-18-5-led-widescreen-standard;18.5;
"Monitor Gamer Kbm Gaming Mg100 24"" 100hz Full Hd HDMI E Vga Ajuste De Ângulo - Kgmg10024pt";R$ 889,99;https://www.kabum.com.br/produto/638655/monitor-gamer-kbm-gaming-mg100-24-100hz-full-hd-hdmi-e-vga-ajuste-de-angulo-kgmg10024pt;24;100
"Monitor Gamer PCyes 23.8"" O-creed O10, FULL HD, 165HZ, 1ms Displayport, HDMI USB, Va Freesync - Pmg240fd165";R$ 884,34;https://www.kabum.com.br/produto/585841/monitor-gamer-pcyes-23-8-o-creed-o10-full-hd-165hz-1ms-displayport-hdmi-usb-va-freesync-pmg240fd165;23.8;
Monitor Gamer Gigabyte, 32 Polegadas, Curvo, FULL HD, HDMI, DP, USB - M32qc-sa;R$ 3.037,29;https://www.kabum.com.br/produto/502732/monitor-gamer-gigabyte-32-polegadas-curvo-full-hd-hdmi-dp-usb-m32qc-sa;;
Monitor Gamer Gigabyte Aorus 31,5 Ips Uhd 4k 144hz HDMI - Fi32u;R$ 7.197,18;https://www.kabum.com.br/produto/627703/monitor-gamer-gigabyte-aorus-31-5-ips-uhd-4k-144hz-hdmi-fi32u;;144
"Monitor Gamer Gigabyte 34"" Curvo Wqhd 1ms 120hz HDMI Dp - Gs24wqc";R$ 3.025,20;https://www.kabum.com.br/produto/630377/monitor-gamer-gigabyte-34-curvo-wqhd-1ms-120hz-hdmi-dp-gs24wqc;34;120
"Monitor Gamer Gigabyte 27"" Ips Fhd 1ms 165hz HDMI Dp - Gs27f";R$ 1.634,85;https://www.kabum.com.br/produto/627702/monitor-gamer-gigabyte-27-ips-fhd-1ms-165hz-hdmi-dp-gs27f;27;165
"Monitor Gaming Series LED Ips 27"" Fhd 1920x1080 1ms Tela Fina";R$ 920,84;https://www.kabum.com.br/produto/636934/monitor-gaming-series-led-ips-27-fhd-1920x1080-1ms-tela-fina;27;
"Monitor Gamer Curvo, Ultra, Wide Luz LED, Colorida 34"" 144hz 1ms";R$ 1.937,91;https://www.kabum.com.br/produto/551019/monitor-gamer-curvo-ultra-wide-luz-led-colorida-34-144hz-1ms;34;144
"Monitor Gamer Gigabyte 27"" Ips Qhd 1ms 240hz HDMI - Gs27q X";R$ 3.196,32;https://www.kabum.com.br/produto/627697/monitor-gamer-gigabyte-27-ips-qhd-1ms-240hz-hdmi-gs27q-x;27;240
Monitor Gamer 23.8 Bpc, LED, Fhdm,144hz Frameless Preto Widescreen - 24gfy-144xe;R$ 786,40;https://www.kabum.com.br/produto/642149/monitor-gamer-23-8-bpc-led-fhdm-144hz-frameless-preto-widescreen-24gfy-144xe;;144
Monitor Gamer Redragon Azur, 23.8 Polegadas, 165hz, LED, FHD, HDMI - Gm24x5ips;R$ 968,15;https://www.kabum.com.br/produto/509610/monitor-gamer-redragon-azur-23-8-polegadas-165hz-led-fhd-hdmi-gm24x5ips;;165
Monitor Gamer Aoc Agon, 32Polegadas Curvo, 165hz 1ms Freesync - Ag323fcxe;R$ 2.399,90;https://www.kabum.com.br/produto/504650/monitor-gamer-aoc-agon-32polegadas-curvo-165hz-1ms-freesync-ag323fcxe;;165
"Monitor Gamer Lg 24 "" Modelo 24gn60r-b - Full Hd 144hz - HDMI / Displayport";R$ 1.994,00;https://www.kabum.com.br/produto/624596/monitor-gamer-lg-24-modelo-24gn60r-b-full-hd-144hz-hdmi-displayport;24;144
"Monitor Samsung Odyssey G3 24 "" Ls24ag320nlxzx Full Hd 165hz 1ms HDMI";R$ 1.867,00;https://www.kabum.com.br/produto/624595/monitor-samsung-odyssey-g3-24-ls24ag320nlxzx-full-hd-165hz-1ms-hdmi;24;165
Monitor Gamer Goldentec 24” LED, Full Hd, Curvo, 144hz;R$ 1.099,90;https://www.kabum.com.br/produto/630205/monitor-gamer-goldentec-24-led-full-hd-curvo-144hz;24;144
Monitor Goldentec Gamer 27'' Led Full Hd, 75hz, 1ms;R$ 999,90;https://www.kabum.com.br/produto/518082/monitor-goldentec-gamer-27-led-full-hd-75hz-1ms;27;75
Monitor Gamer Benq 24.5 Polegadas, Mobiuz Ex2510, FULL HD, Ips, HDMI,displayport, Freesync, Hdr, Som Integrado, 144hz, 1ms, Dark Grey - 9h.ljjla.tbl;R$ 3.990,00;https://www.kabum.com.br/produto/512322/monitor-gamer-benq-24-5-polegadas-mobiuz-ex2510-full-hd-ips-hdmi-displayport-freesync-hdr-som-integrado-144hz-1ms-dark-grey-9h-ljjla-tbl;;144
Monitor Brx 24 Polegadas, 75hz, HDMI,VGA - Brx24;R$ 749,60;https://www.kabum.com.br/produto/514230/monitor-brx-24-polegadas-75hz-hdmi-vga-brx24;;75
Monitor LED 23.8p Aoc 24g2se Viper Gamer 165hz 1ms Ppb;R$ 1.109,00;https://www.kabum.com.br/produto/621220/monitor-led-23-8p-aoc-24g2se-viper-gamer-165hz-1ms-ppb;;165
Monitor LED 29p Lg Ultrawide 29wl500-b Ppb;R$ 1.314,00;https://www.kabum.com.br/produto/621218/monitor-led-29p-lg-ultrawide-29wl500-b-ppb;;
"Monitor Gamer Series LED 23,8"" Full Hd Painel Va Visão Expansiva";R$ 931,15;https://www.kabum.com.br/produto/636935/monitor-gamer-series-led-23-8-full-hd-painel-va-visao-expansiva;8;
Monitor Gamer Samsung 24 Fhd D-sub/hdmi 75hz Preto T350;R$ 1.599,00;https://www.kabum.com.br/produto/633944/monitor-gamer-samsung-24-fhd-d-sub-hdmi-75hz-preto-t350;;75
"Monitor Gamer PCyes O-creed O20 23,8"" Full Hd Has E Pivot 165hz 1ms HDMI Dp Freesync - Pmg238fd165aap";R$ 1.835,88;https://www.kabum.com.br/produto/641711/monitor-gamer-pcyes-o-creed-o20-23-8-full-hd-has-e-pivot-165hz-1ms-hdmi-dp-freesync-pmg238fd165aap;8;165
"Monitor Prosmart 21.5"" LED Widescreen Standard";R$ 479,90;https://www.kabum.com.br/produto/574734/monitor-prosmart-21-5-led-widescreen-standard;21.5;
"Monitor Curvo LED Brazilpc 24"" Full Hd 75hz Preto";R$ 735,90;https://www.kabum.com.br/produto/646638/monitor-curvo-led-brazilpc-24-full-hd-75hz-preto;24;75
"Monitor Gamer Gigabyte 24"" Ips Fhd 1ms 165hz Hdm Usb - G24f 2";R$ 1.622,76;https://www.kabum.com.br/produto/627699/monitor-gamer-gigabyte-24-ips-fhd-1ms-165hz-hdm-usb-g24f-2;24;165
"Monitor Gamer PCyes Curvo O-creed O30 23.8"", 165hz, Full Hd, 1ms, Displayport, HDMI E Usb, Freesync - Pmg240fd165c";R$ 1.114,56;https://www.kabum.com.br/produto/630764/monitor-gamer-pcyes-curvo-o-creed-o30-23-8-165hz-full-hd-1ms-displayport-hdmi-e-usb-freesync-pmg240fd165c;23.8;165
Monitor Acer Gamer Predator 49” Monitor Acer X49 Xbmipphuzx 49d Dual Quad Hd 5k 49”;R$ 17.159,00;https://www.kabum.com.br/produto/651088/monitor-acer-gamer-predator-49-monitor-acer-x49-xbmipphuzx-49d-dual-quad-hd-5k-49-;49;
"Monitor Gamer Curvo 27 "" Full Hd 100hz Freesync HDMI Vga - Preto";R$ 1.122,24;https://www.kabum.com.br/produto/632855/monitor-gamer-curvo-27-full-hd-100hz-freesync-hdmi-vga-preto;27;100
"Monitor Gamer Tela LED 27"" Full Hd 5ms 75hz HDMI Vga";R$ 784,61;https://www.kabum.com.br/produto/576821/monitor-gamer-tela-led-27-full-hd-5ms-75hz-hdmi-vga;27;75
Monitor Gamer Level Elite 27 Pol Flat Eled | 240hz | 1ms | Sg2701b01-9 V2.5 Preto;R$ 1.534,75;https://www.kabum.com.br/produto/574183/monitor-gamer-level-elite-27-pol-flat-eled-240hz-1ms-sg2701b01-9-v2-5-preto;;240
"Monitor Gamer Level Lite 23.8"" ELED, Full Hd, 165hz, 1ms, Painel Ips, Mprt, Freesync & G-sync - L2411su";R$ 1.015,61;https://www.kabum.com.br/produto/586578/monitor-gamer-level-lite-23-8-eled-full-hd-165hz-1ms-painel-ips-mprt-freesync-g-sync-l2411su;23.8;165
"Monitor Gamer Duex, 31.5"", Full Hd (1920x1080), 165hz, 1ms, Hdr, Freesync/g-sync, HDMI/dp - Dx315g";R$ 1.534,50;https://www.kabum.com.br/produto/582022/monitor-gamer-duex-31-5-full-hd-1920x1080-165hz-1ms-hdr-freesync-g-sync-hdmi-dp-dx315g;31.5;165
"Monitor Gamer LED 20,1"" "" Alta Luminosidade Multi-interface HDMI";R$ 426,02;https://www.kabum.com.br/produto/623943/monitor-gamer-led-20-1-alta-luminosidade-multi-interface-hdmi;1;
"Monitor Gamer Cooler Master Ga2501 24.5"", Ips, Full Hd, 100hz, 1ms, Adaptivesync, HDMI E Vga, Preto";R$ 869,15;https://www.kabum.com.br/produto/641240/monitor-gamer-cooler-master-ga2501-24-5-ips-full-hd-100hz-1ms-adaptivesync-hdmi-e-vga-preto;24.5;100
Monitor Gamer Curvo 24 Fhd 165hz 1ms Com Audio Embutido HDMI/displayport - Preto;R$ 1.039,00;https://www.kabum.com.br/produto/643986/monitor-gamer-curvo-24-fhd-165hz-1ms-com-audio-embutido-hdmi-displayport-preto;;165
"Monitor Portátil Mobile Pixels Duex Plus 13.3 """;R$ 2.734,00;https://www.kabum.com.br/produto/623840/monitor-portatil-mobile-pixels-duex-plus-13-3-;13.3;
"Monitor Samsung Ls22a336nhl 22 "" Full Hd LED 60hz";R$ 914,00;https://www.kabum.com.br/produto/624597/monitor-samsung-ls22a336nhl-22-full-hd-led-60hz;22;60
"Monitor Gamer Widescreen AOC LED 23,8"" FHD, 100 Hz, 1ms, VGA HDMI, HDR Mode Adaptive-Sync, Preto - 24B30HM2";R$ 650,00;https://www.kabum.com.br/produto/638954/monitor-gamer-widescreen-aoc-led-23-8-fhd-100-hz-1ms-vga-hdmi-hdr-mode-adaptive-sync-preto-24b30hm2;8;100
Monitor Acer Gamer 23.8” Monitor Acer Gamer Nitro Kg243y G0bi 23.8” Full Hd 120 Hz 1ms;R$ 1.011,00;https://www.kabum.com.br/produto/651089/monitor-acer-gamer-23-8-monitor-acer-gamer-nitro-kg243y-g0bi-23-8-full-hd-120-hz-1ms;23.8;120
"Monitor Gamer Gigabyte 27"""", QHD, IPS, 180Hz, 1ms, DisplayPort e HDMI, 100% sRGB, HDR, Adaptive-Sync - GS27QA-AS";R$ 1.599,99;https://www.kabum.com.br/produto/613323/monitor-gamer-gigabyte-27-qhd-ips-180hz-1ms-displayport-e-hdmi-100-srgb-hdr-adaptive-sync-gs27qa-as;27;180
Monitor Gamer Lg 24 Full Hd 100hz 5ms HDMI Ips - 24ms500-b;R$ 762,20;https://www.kabum.com.br/produto/644868/monitor-gamer-lg-24-full-hd-100hz-5ms-hdmi-ips-24ms500-b;;100
"Monitor Gamer 27"" Preto Curvo Nyx Full Hd 100hz Bluecase";R$ 868,90;https://www.kabum.com.br/produto/629952/monitor-gamer-27-preto-curvo-nyx-full-hd-100hz-bluecase;27;100
"Monitor Gamer Curvo Ultrawide LG Ultragear, 34"" Wqhd, 160Hz, 1ms, AMD Freesync Premium - 34gp63a-b";R$ 2.367,97;https://www.kabum.com.br/produto/649756/monitor-gamer-curvo-ultrawide-lg-ultragear-34-wqhd-160hz-1ms-amd-freesync-premium-34gp63a-b;34;160
Monitor Vx Pro, 19 Pol, 60hz, 5ms, HDMI/vga - Vx190x;R$ 389,00;https://www.kabum.com.br/produto/531294/monitor-vx-pro-19-pol-60hz-5ms-hdmi-vga-vx190x;;60
Monitor Gamer LED Ips 23,8” Full Hd Tela Fina Visão Expansiva;R$ 710,42;https://www.kabum.com.br/produto/630718/monitor-gamer-led-ips-23-8-full-hd-tela-fina-visao-expansiva;8;
"Monitor Gamer Curvo Acer EDT320Q S3BIIPX Nitro 32"" FHD LED, IPS, 180Hz, 1Ms, HDMI, Freesync, VESA - UM.JE0AA.305";R$ 1.950,00;https://www.kabum.com.br/produto/635049/monitor-gamer-curvo-acer-edt320q-s3biipx-nitro-32-fhd-led-ips-180hz-1ms-hdmi-freesync-vesa-um-je0aa-305;32;180
"Monitor Gamer Philips Evnia 42"" 4K OLED, 138Hz, 0.1ms, RGB, DisplayPort e HDMI, HDR, Alto Falante, Branco - 42M2N8900";R$ 10.499,99;https://www.kabum.com.br/produto/630640/monitor-gamer-philips-evnia-42-4k-oled-138hz-0-1ms-rgb-displayport-e-hdmi-hdr-alto-falante-branco-42m2n8900;42;138
"Monitor Gamer LG Ultragear, 27"", 180Hz, 1ms, NVIDIA® G-SYNC, AMD FreeSync™ - 27GS60F-B";R$ 1.258,95;https://www.kabum.com.br/produto/649755/monitor-gamer-lg-ultragear-27-180hz-1ms-nvidia-g-sync-amd-freesync-27gs60f-b;27;180
"Monitor Acer Gamer Curve 32"" Edt320q Nitro Edto S3biipx LED/FULL HD 180hz HDMI Vesa - Um.je0aa.305";R$ 2.144,91;https://www.kabum.com.br/produto/594128/monitor-acer-gamer-curve-32-edt320q-nitro-edto-s3biipx-led-full-hd-180hz-hdmi-vesa-um-je0aa-305;32;180
"Monitor Gamer Log 27"" Full Hd Va LED 165hz HDMI Displayport Pg270FULL HD";R$ 1.448,00;https://www.kabum.com.br/produto/624308/monitor-gamer-log-27-full-hd-va-led-165hz-hdmi-displayport-pg270full-hd;27;165
Monitor LED 21.5p C3tech Mr-215 Vga/hdmi Ppb;R$ 627,50;https://www.kabum.com.br/produto/621217/monitor-led-21-5p-c3tech-mr-215-vga-hdmi-ppb;;
"Monitor Gamer Benq Zowie Xl2411k, Tela 24"" Full Hd 144hz";R$ 3.850,93;https://www.kabum.com.br/produto/543722/monitor-gamer-benq-zowie-xl2411k-tela-24-full-hd-144hz;24;144
Monitor Gamer Duex, 24 Pol, Full Hd, Ips, 1ms, 165hz, Freesync, HDMI/dp, Dx240zg;R$ 1.074,59;https://www.kabum.com.br/produto/634754/monitor-gamer-duex-24-pol-full-hd-ips-1ms-165hz-freesync-hdmi-dp-dx240zg;;165
Monitor Gamer Gigabyte, 31,5 Polegadas, QHD, Curvo, 165hz, HDMI e DisplayPort - G32qc A;R$ 3.672,48;https://www.kabum.com.br/produto/468403/monitor-gamer-gigabyte-31-5-polegadas-qhd-curvo-165hz-hdmi-e-displayport-g32qc-a;;165
Monitor Gamer Gigabyte Aorus Fi32q X-sa, 32 Polegadas, IPS Qhd Pivot, Vesa, HDMI, DP, USB;R$ 8.258,31;https://www.kabum.com.br/produto/502854/monitor-gamer-gigabyte-aorus-fi32q-x-sa-32-polegadas-ips-qhd-pivot-vesa-hdmi-dp-usb;;
Monitor Gamer LED 24 Full Hd 75hz 1ms Lehmox Ley-1964 - Preto;R$ 807,50;https://www.kabum.com.br/produto/651114/monitor-gamer-led-24-full-hd-75hz-1ms-lehmox-ley-1964-preto;;75
"Monitor Gamer New Hero, Blade Super, Tela 27"" Ips Qhd, 180hz, 1ms, Freesync HDMI E Display Port - Preto";R$ 1.762,46;https://www.kabum.com.br/produto/538722/monitor-gamer-new-hero-blade-super-tela-27-ips-qhd-180hz-1ms-freesync-hdmi-e-display-port-preto;27;180
Monitor Gamer New Hero Blade 23.8 Polegadas, Ips, 180hz 1ms, Freesync HDMI, Display Port, Preto;R$ 1.067,19;https://www.kabum.com.br/produto/538720/monitor-gamer-new-hero-blade-23-8-polegadas-ips-180hz-1ms-freesync-hdmi-display-port-preto;;180
Monitor Gamer Redragon Vaga, 23.8 Polegadas, 75hz, LED, FHD, HDMI - Bm24v9;R$ 769,02;https://www.kabum.com.br/produto/509604/monitor-gamer-redragon-vaga-23-8-polegadas-75hz-led-fhd-hdmi-bm24v9;;75
Monitor Gamer 31.5 Curvo Borda Infinita R1800 - Preto;R$ 1.239,00;https://www.kabum.com.br/produto/623822/monitor-gamer-31-5-curvo-borda-infinita-r1800-preto;;
"Monitor Gamer LED 23,8 "" HDMI Vga Tela Sem Borda";R$ 577,66;https://www.kabum.com.br/produto/623942/monitor-gamer-led-23-8-hdmi-vga-tela-sem-borda;8;
"Monitor Lg 20mk400h-b De 19.5 "" 16:9 60hz 2 Ms Gtg Com D-sub E HDMI";R$ 851,00;https://www.kabum.com.br/produto/624598/monitor-lg-20mk400h-b-de-19-5-16-9-60hz-2-ms-gtg-com-d-sub-e-hdmi;19.5;60
"Monitor Portátil Mobile Pixels Glance 16 """;R$ 2.185,00;https://www.kabum.com.br/produto/623842/monitor-portatil-mobile-pixels-glance-16-;16;
"Monitor Acer 23.6 "" E12 Curved Ei242qr Full Hd 165hz / 1ms / Dp / HDMI";R$ 1.613,00;https://www.kabum.com.br/produto/624594/monitor-acer-23-6-e12-curved-ei242qr-full-hd-165hz-1ms-dp-hdmi;23.6;165
"Monitor Portátil Mobile Pixels Trio Max 14 "" (2 Pack)";R$ 5.412,00;https://www.kabum.com.br/produto/623841/monitor-portatil-mobile-pixels-trio-max-14-2-pack-;14;
Monitor Acer Gamer Nitro 23.8” Monitor Acer Gamer Nitro Qg241y M3biip 23.8h 180hz HDMI Vga Fhd 23.8”;R$ 1.279,43;https://www.kabum.com.br/produto/637710/monitor-acer-gamer-nitro-23-8-monitor-acer-gamer-nitro-qg241y-m3biip-23-8h-180hz-hdmi-vga-fhd-23-8-;23.8;180
"Monitor Gamer Haiz 30"" Ultrawide 200hz 1ms Adaptive-sync";R$ 1.799,10;https://www.kabum.com.br/produto/628339/monitor-gamer-haiz-30-ultrawide-200hz-1ms-adaptive-sync;30;200
Monitor Gamer Goldentec, 24 Polegadas, LED, Full HD, 144hz, 1ms;R$ 999,00;https://www.kabum.com.br/produto/486603/monitor-gamer-goldentec-24-polegadas-led-full-hd-144hz-1ms;;144
Monitor Gamer Acer Nitro, 27”, Zeroframe LED, HDMI - Kg273;R$ 898,90;https://www.kabum.com.br/produto/565481/monitor-gamer-acer-nitro-27-zeroframe-led-hdmi-kg273;27;
Monitor Aoc Gaming 27 100hz 1ms LED HDMI - 27b30h;R$ 750,00;https://www.kabum.com.br/produto/643336/monitor-aoc-gaming-27-100hz-1ms-led-hdmi-27b30h;;100
Monitor Computador Gamer Curvo Lcd 27” HDMI 75hz 3ms Full Hd;R$ 922,00;https://www.kabum.com.br/produto/619136/monitor-computador-gamer-curvo-lcd-27-hdmi-75hz-3ms-full-hd;27;75
"Monitor Gamer Philips Evnia Mini 34"" LED Ultrawide QHD, 165Hz, RGB, DisplayPort e HDMI, HDR, Alto Falante, Branco - 34M2C7600MV";R$ 9.599,99;https://www.kabum.com.br/produto/630638/monitor-gamer-philips-evnia-mini-34-led-ultrawide-qhd-165hz-rgb-displayport-e-hdmi-hdr-alto-falante-branco-34m2c7600mv;34;165
"Monitor Gamer Curvo Acer Predator X49 XBMIPPHUZX, 49"" OLED, Dual QHD, 240Hz, 0.3ms, DisplayPort, HDMI e USB-C, HDR, FreeSync - UM.SXXAA.X02";R$ 12.999,99;https://www.kabum.com.br/produto/623778/monitor-gamer-curvo-acer-predator-x49-xbmipphuzx-49-oled-dual-qhd-240hz-0-3ms-displayport-hdmi-e-usb-c-hdr-freesync-um-sxxaa-x02;49;240
Monitor Gamer, Benq Mobiuz, Ex2510, 24.5, Inch, 144HZ, IPS, HDRI, 1080P, 1MS, Freesync Premium Speakers.;R$ 4.390,00;https://www.kabum.com.br/produto/140893/monitor-gamer-benq-mobiuz-ex2510-24-5-inch-144hz-ips-hdri-1080p-1ms-freesync-premium-speakers-;;
"Monitor Goldentec, 24"" Led Gt Gamer Fhd, Hdmi, 75hz";R$ 1.699,99;https://www.kabum.com.br/produto/238566/monitor-goldentec-24-led-gt-gamer-fhd-hdmi-75hz;24;75
Monitor Gamer BenQ, 23.8 Polegadas, FULL HD, 61-80HZ, HDMI/VGA, LED, Black - Gw2480;R$ 2.449,90;https://www.kabum.com.br/produto/302970/monitor-gamer-benq-23-8-polegadas-full-hd-61-80hz-hdmi-vga-led-black-gw2480;;
"Monitor Gamer Bluecase, 21.5"" Full HD, 75Hz, Rako - BM221GW";R$ 1.139,91;https://www.kabum.com.br/produto/340457/monitor-gamer-bluecase-21-5-full-hd-75hz-rako-bm221gw;21.5;75
Monitor Gamer Gigabyte 23.8 Full Hd Ips 170hz 1ms G24fsa;R$ 2.283,39;https://www.kabum.com.br/produto/367843/monitor-gamer-gigabyte-23-8-full-hd-ips-170hz-1ms-g24fsa;;170
